,Beach,Beach Latitude,Beach Longitude,Venue,Venue Latitude,Venue Longitude,Venue Category
0,Playa Barra del Colorado,8.51584085,-83.13636745062689,Sol Y Mar,8.519452,-83.1380895527337,Restaurant
1,Playa Barra del Colorado,8.51584085,-83.13636745062689,Cabinas Sol y Mar,8.519858522313317,-83.13804570671184,Bed & Breakfast
2,Playa Bonita,10.0098609,-83.06345966834189,Quimbamba,10.010374023796611,-83.06401580143783,Caribbean Restaurant
3,Playa Bonita,10.0098609,-83.06345966834189,Restaurante Cocorí,10.008688006590136,-83.06125319921588,Caribbean Restaurant
4,Playa Bonita,10.0098609,-83.06345966834189,Playa Bonita,10.00972658824152,-83.06382538128922,Beach
5,Playa Bonita,10.0098609,-83.06345966834189,Hotel Playa Bonita,10.008680346072413,-83.06126911935334,Bed & Breakfast
6,Playa Bonita,10.0098609,-83.06345966834189,Cocorí Bar Restaurant,10.008747033454899,-83.06129257276865,Caribbean Restaurant
7,Playa Bonita,10.0098609,-83.06345966834189,Junitos,10.010976,-83.063887,Caribbean Restaurant
8,Playa Bonita,10.0098609,-83.06345966834189,Reina's,10.009710349759548,-83.0638384161517,Seafood Restaurant
9,Playa Bonita,9.63627615,-82.71756313437658,Namuwoki Lodge,9.63785144658659,-82.71329117494939,Hotel
10,Playa Bonita,9.63627615,-82.71756313437658,Casa Moabi,9.637707488346718,-82.71637556706526,Hotel
11,Playa Bonita,9.63627615,-82.71756313437658,Casa Merlin lodge,9.639891,-82.717618,Hotel
12,Playa Bonita,9.63627615,-82.71756313437658,Hotel Sibu,9.638832157637383,-82.71410956849041,Bed & Breakfast
13,Playa Bonita,9.64527615,-82.72656313437658,Le Caméléon Beach Club,9.64450980520121,-82.72789137614785,Surf Spot
14,Playa Bonita,9.64527615,-82.72656313437658,Le Cameleon,9.64419618708729,-82.72835503128431,Hotel
15,Playa Bonita,9.64527615,-82.72656313437658,La Pecora Nera,9.64370611798381,-82.72942855238381,Italian Restaurant
16,Playa Bonita,9.64527615,-82.72656313437658,Lanna Ban hotel,9.642915218437176,-82.72486975163706,Hotel
17,Playa Bonita,9.64527615,-82.72656313437658,Jaguar Rescue Center,9.642472378486188,-82.72354194694158,Zoo
18,Playa Bonita,9.64527615,-82.72656313437658,La Nena,9.644587,-82.729907,Caribbean Restaurant
19,Playa Bonita,9.64527615,-82.72656313437658,Villas Del Caribe,9.643558307481516,-82.7226666902315,Hotel
20,Playa Bonita,9.64527615,-82.72656313437658,Caribe Town Resort,9.642972823209885,-82.72844090996396,Resort
21,Playa Bonita,9.64527615,-82.72656313437658,Noa Beach Club,9.644615,-82.727807,Restaurant
22,Playa Bonita,9.64527615,-82.72656313437658,Hotel Casa Camarona,9.645021343814241,-82.72871163221778,Hotel
23,Playa Bonita,9.64527615,-82.72656313437658,Le Numu,9.64402683580281,-82.72807850538591,Latin American Restaurant
24,Playa Bonita,9.64527615,-82.72656313437658,El Rincón Porteño,9.642872,-82.723444,Argentinian Restaurant
25,Playa Cahuita (Blanca),8.51584085,-83.13636745062689,Sol Y Mar,8.519452,-83.1380895527337,Restaurant
26,Playa Cahuita (Blanca),8.51584085,-83.13636745062689,Cabinas Sol y Mar,8.519858522313317,-83.13804570671184,Bed & Breakfast
27,Playa Chiquita,9.637402699999999,-82.70366899999999,Chocolateria y Cafe,9.637394,-82.706469,Coffee Shop
28,Playa Chiquita,9.637402699999999,-82.70366899999999,Restaurant Selvin's,9.636347462755674,-82.69980040824089,Caribbean Restaurant
29,Playa Chiquita,9.637402699999999,-82.70366899999999,Selvin's Restaurant,9.636346089666644,-82.69972553999573,Caribbean Restaurant
30,Playa Chiquita,9.637402699999999,-82.70366899999999,El Refugio,9.637712475423452,-82.70594607528517,South American Restaurant
31,Playa Chiquita,9.637402699999999,-82.70366899999999,mar verde lodge,9.63669,-82.706087,Hotel
32,Playa Chiquita,9.637402699999999,-82.70366899999999,Shiva Inn,9.637268703480554,-82.70723733241317,Gluten-free Restaurant
33,Playa Chiquita,9.637402699999999,-82.70366899999999,Cabinas Punta Uva,9.637778640673744,-82.69976351147304,Hotel
34,Punta Cocles,9.64527615,-82.71756313437658,La Mariposa,9.644612,-82.719857,Vacation Rental
35,Punta Cocles,9.64527615,-82.71756313437658,La Caracola,9.644538953392516,-82.71995358246286,Bed & Breakfast
36,Punta Cocles,9.64527615,-82.71756313437658,La Caracola,9.644738097495193,-82.72007477849426,Hotel
37,Punta Cocles,9.64527615,-82.71756313437658,Cabinas Yemanya,9.642368374949486,-82.71906304844546,Hostel
38,Punta Cocles,9.647494300000002,-82.75356540000001,La Pecora Nera,9.648582826370879,-82.75423765182495,Italian Restaurant
39,Punta Cocles,9.647494300000002,-82.75356540000001,Souvenir Lungo Mare,9.645762,-82.751815,Gift Shop
40,Punta Cocles,9.656494300000002,-82.76256540000001,The Point Beachfront Sports Bar & Grill,9.655030640154582,-82.76590760022512,Beer Garden
41,Punta Cocles,9.656494300000002,-82.76256540000001,Maritza Bar y Rest.,9.654160879251855,-82.76229046801653,Bar
42,Punta Cocles,9.656494300000002,-82.74456540000001,Selina Puerto Viejo,9.656736495277283,-82.74320839213726,Hotel
43,Punta Cocles,9.656494300000002,-82.74456540000001,Rocking J's,9.658052207167941,-82.74607865951678,Hostel
44,Punta Cocles,9.656494300000002,-82.74456540000001,Caribeans Chocolate Tasting Lounge,9.653760434924813,-82.74100314177893,Coffee Shop
45,Punta Cocles,9.656494300000002,-82.74456540000001,Escape Caribeño,9.658152356008081,-82.748320364276,Hotel
46,Punta Cocles,9.656494300000002,-82.74456540000001,Todo es posible,9.657860571134426,-82.74604787271505,Caribbean Restaurant
47,Punta Cocles,9.656494300000002,-82.74456540000001,Blue Conga,9.656479330059419,-82.74550182045138,Bed & Breakfast
48,Punta Cocles,9.656494300000002,-82.74456540000001,Kire Café Restaurant Grill,9.658530451148035,-82.74837197144922,Argentinian Restaurant
49,Punta Cocles,9.656494300000002,-82.74456540000001,Agapi Hotel,9.656764051802869,-82.74326648772674,Hotel
50,Punta Cocles,9.656494300000002,-82.74456540000001,Aiyana Lodge,9.656336838759996,-82.74611108105074,Bed & Breakfast
51,Punta Cocles,9.656494300000002,-82.74456540000001,Parque de Puerto Viejo,9.658201383931019,-82.74606894216686,Park
52,Punta Cocles,9.656494300000002,-82.74456540000001,Om Yoga,9.653783028488219,-82.74123859835541,Athletics & Sports
53,Playa Gandoca,10.22029465,-85.83779722405043,Gregorio's Bar Y Restaurante,10.223865220816753,-85.8356483951206,Restaurant
54,Playa Gandoca,10.22029465,-85.83779722405043,Gregorios,10.224044598797798,-85.83577838761745,Bar
55,Playa Gandoca,10.23829465,-85.83779722405043,JW Marriot Room 229,10.239819,-85.83801,Hotel
56,Playa Gandoca,10.23829465,-85.83779722405043,Beachwalk,10.238196,-85.835008,Hotel
57,Playa Gandoca,10.23829465,-85.83779722405043,Pizzeria Casa Fina,10.237069,-85.833514,Pizza Place
58,Playa Gandoca,10.22929465,-85.82879722405043,Restaurante Blu Playa Avellanas,10.22851,-85.83125,Restaurant
59,Playa Gandoca,10.22929465,-85.82879722405043,il Rustico,10.229713,-85.831414,Italian Restaurant
60,Playa Gandoca,10.22929465,-85.82879722405043,bali house,10.23058032989502,-85.82640838623047,Resort
61,Playa Gandoca,10.22929465,-85.82879722405043,Villas Bella Joya,10.230996,-85.825351,Hotel
62,Playa Gandoca,10.22929465,-85.82879722405043,Casa Aguinaldo,10.231361,-85.824894,Vacation Rental
63,Playa Manzanillo,9.63376115,-82.65735846713483,Playa Manzanillo,9.632968650906243,-82.65755629064424,Beach
64,Playa Manzanillo,9.63376115,-82.65735846713483,Cool and Calm,9.631811901068694,-82.66057309182388,Caribbean Restaurant
65,Playa Manzanillo,9.63376115,-82.65735846713483,Parque Nacional Gandoca Manzanillo,9.635475975098974,-82.6532312724162,Surf Spot
66,Playa Manzanillo,9.63376115,-82.65735846713483,Maxi's,9.632796991101317,-82.65797916593718,Caribbean Restaurant
67,Playa Manzanillo,9.63376115,-82.65735846713483,Soda Mima,9.632386442776328,-82.65790438991507,Restaurant
68,Playa Manzanillo,9.63376115,-82.65735846713483,Soda La Playa,9.632346941186569,-82.65807316467807,Breakfast Spot
69,Playa Manzanillo,9.88235155,-85.56744056669986,Playa Buena Vista,9.880070965077827,-85.56490621623891,Beach
70,Playa Manzanillo,9.88235155,-85.56744056669986,"El Castillo, Buena Vista Beach Hostel",9.880543,-85.567907,Hostel
71,Playa Manzanillo,9.88235155,-85.56744056669986,Flying Cocodrile,9.884656970700794,-85.56542382067131,Hotel
72,Playa Manzanillo,9.88235155,-85.56744056669986,Picasso House,9.884491,-85.564802,Vacation Rental
73,Playa Moín,10.0098609,-83.06345966834189,Quimbamba,10.010374023796611,-83.06401580143783,Caribbean Restaurant
74,Playa Moín,10.0098609,-83.06345966834189,Restaurante Cocorí,10.008688006590136,-83.06125319921588,Caribbean Restaurant
75,Playa Moín,10.0098609,-83.06345966834189,Playa Bonita,10.00972658824152,-83.06382538128922,Beach
76,Playa Moín,10.0098609,-83.06345966834189,Hotel Playa Bonita,10.008680346072413,-83.06126911935334,Bed & Breakfast
77,Playa Moín,10.0098609,-83.06345966834189,Cocorí Bar Restaurant,10.008747033454899,-83.06129257276865,Caribbean Restaurant
78,Playa Moín,10.0098609,-83.06345966834189,Junitos,10.010976,-83.063887,Caribbean Restaurant
79,Playa Moín,10.0098609,-83.06345966834189,Reina's,10.009710349759548,-83.0638384161517,Seafood Restaurant
80,Playa Negra (Puerto Viejo),8.51584085,-83.13636745062689,Sol Y Mar,8.519452,-83.1380895527337,Restaurant
81,Playa Negra (Puerto Viejo),8.51584085,-83.13636745062689,Cabinas Sol y Mar,8.519858522313317,-83.13804570671184,Bed & Breakfast
82,Playa Negra (Cahuita),9.7406696,-82.8504235,Atlantida Lodge Pool Bar,9.740678088497956,-82.84946408728887,Hotel Bar
83,Playa Negra (Cahuita),9.7406696,-82.8504235,Reggae Bar,9.742270646079767,-82.85119290034085,Caribbean Restaurant
84,Playa Negra (Cahuita),9.7406696,-82.8504235,Playa Negra,9.741811227946103,-82.85103407442334,Beach
85,Playa Negra (Cahuita),9.7406696,-82.8504235,Restaurant Sobre las Olas,9.74040448501858,-82.84673106039578,Caribbean Restaurant
86,Playa Negra (Cahuita),9.7406696,-82.8504235,Nirvana Lodge,9.740848093274481,-82.8522142480972,Bed & Breakfast
87,Playa Negra (Cahuita),9.7406696,-82.8504235,Playa Negra Guesthouse,9.741443133863497,-82.85047660288102,Hotel
88,Playa Negra (Cahuita),9.7406696,-82.8504235,Atlantida Lodge,9.740519797000836,-82.84951942392946,Hotel
89,Playa Negra (Cahuita),10.392501300000001,-85.8055420204737,W Fit,10.396417,-85.806679,Gym / Fitness Center
90,Playa Negra (Cahuita),10.392501300000001,-85.8055420204737,Condominio El Carao (Conchal),10.39393116973971,-85.80140416611128,Resort
91,Playa Negra (Cahuita),10.401501300000001,-85.8145420204737,Playa Puerto Viejo,10.399514611004609,-85.81424524135969,Beach
92,Playa Negra (Cahuita),10.401501300000001,-85.8145420204737,Bahia Conchal,10.403569,-85.815771,Beach
93,Playa Negra (Cahuita),10.401501300000001,-85.7965420204737,Papaya Restaurant,10.404136211520575,-85.79623307760689,Restaurant
94,Playa Negra (Cahuita),10.401501300000001,-85.7965420204737,The Westin Resort & Spa,10.398626293107704,-85.7946628475097,Hotel
95,Playa Negra (Cahuita),10.401501300000001,-85.7965420204737,Conchal Hotel,10.404121232592166,-85.79626076697197,Hotel
96,Playa Negra (Cahuita),10.401501300000001,-85.7965420204737,Hotel Nany,10.405369801585593,-85.79510743023896,Hotel
97,Playa Negra (Cahuita),10.401501300000001,-85.7965420204737,Comedor de Danilo,10.400788074691741,-85.79512505480545,Restaurant
98,Playa Negra (Cahuita),10.401501300000001,-85.7965420204737,Paradisus Playa Conchal,10.404086192699316,-85.79634591280801,Hotel
99,Playa Negra (Cahuita),10.401501300000001,-85.7965420204737,Il Forno Pizzeria,10.404970352509205,-85.7963763128336,Pizza Place
100,Playa Negra (Cahuita),10.401501300000001,-85.7965420204737,Super Lopez,10.40552397187634,-85.7954853109318,Convenience Store
101,Playa Negra (Cahuita),10.401501300000001,-85.7965420204737,Ojos Azules,10.405841826860666,-85.79635084186059,Hotel
102,Playa Negra (Cahuita),10.401501300000001,-85.7965420204737,Pollo Tropical,10.405912267363094,-85.79646599567197,Latin American Restaurant
103,Playa Pirikiki,8.51584085,-83.13636745062689,Sol Y Mar,8.519452,-83.1380895527337,Restaurant
104,Playa Pirikiki,8.51584085,-83.13636745062689,Cabinas Sol y Mar,8.519858522313317,-83.13804570671184,Bed & Breakfast
105,Playa Pirikiki,10.64082085,-85.6539128810504,The Dive Bar,10.642115821784776,-85.65330876841969,Restaurant
106,Playa Pirikiki,10.64082085,-85.6539128810504,Chao Pescao,10.641200171756312,-85.65819862914849,Tapas Restaurant
107,Playa Pirikiki,10.64082085,-85.6539128810504,Andaz Peninsula Papagayo Resort,10.643817417276397,-85.65694022131582,Hotel
108,Playa Pirikiki,10.64082085,-85.6539128810504,Marina Papagayo,10.642111328851252,-85.65330750782286,Harbor / Marina
109,Playa Portete,9.996011300000001,-83.02794740942792,Caribbean Kalisi Cofee Shop,9.992863000451615,-83.03119882745767,Caribbean Restaurant
110,Playa Portete,9.996011300000001,-83.02794740942792,Rest. Black Star Line,9.994500477149456,-83.03083508639064,Caribbean Restaurant
111,Playa Portete,9.996011300000001,-83.02794740942792,Taylor's,9.994605404891061,-83.03062082746102,Caribbean Restaurant
112,Playa Portete,9.996011300000001,-83.02794740942792,TCBY,9.9924848281201,-83.03024706741863,Breakfast Spot
113,Playa Portete,9.996011300000001,-83.02794740942792,Bar Sol Mar,9.998912237321095,-83.02772147478274,Bar
114,Playa Portete,9.996011300000001,-83.02794740942792,Clinica Santa Teresa,9.995152290211376,-83.0291332145456,Optical Shop
115,Playa Portete,9.996011300000001,-83.02794740942792,Parque Vargas,9.992984712424938,-83.02549304336185,Park
116,Playa Portete,9.996011300000001,-83.02794740942792,Heladeria POPS,9.992431325893323,-83.02793257181385,Ice Cream Shop
117,Playa Portete,9.996011300000001,-83.02794740942792,Park Hotel,9.993790712071357,-83.02661262098086,Caribbean Restaurant
118,Playa Portete,9.996011300000001,-83.02794740942792,Bar Tsunami,9.993627664545338,-83.02648701719714,Bar
119,Playa Portete,9.996011300000001,-83.02794740942792,El Crucero Coffee Shop,9.992031902457404,-83.0258927772326,Breakfast Spot
120,Playa Portete,9.996011300000001,-83.02794740942792,Mercado De Limon,9.99286844218548,-83.02866640267663,Department Store
121,Playa Portete,9.996011300000001,-83.02794740942792,Limon Centro,9.9926320047294,-83.0306018145923,City
122,Playa Portete,9.996011300000001,-83.02794740942792,Boulevard de Limón,9.992561699259808,-83.02751771669749,Park
123,Playa Portete,9.996011300000001,-83.02794740942792,Pollo Campero,9.99257396382237,-83.03083336288535,Fried Chicken Joint
124,Playa Portete,9.996011300000001,-83.02794740942792,Video Cariari,9.99241620424244,-83.03028176777562,Video Store
125,Playa Portete,10.3318249,-85.8450412,Rip Jack Grill & Hotel,10.333900178047639,-85.84661095450355,Hotel
126,Playa Portete,10.3318249,-85.8450412,Hotel &  Rest. La Marejada,10.333951179978097,-85.84621673343928,Hotel
127,Playa Portete,10.3318249,-85.8450412,Taco Star Playa Grande,10.334449163344395,-85.84813120450437,Taco Place
128,Playa Portete,10.3318249,-85.8450412,Hotel Las Tortugas,10.334562885217222,-85.8483029717738,Hostel
129,Playa Portete,10.349824900000002,-85.8450412,Hotel Flor y Bambu,10.3476045513399,-85.84347236969046,Campground
130,Playa Portete,10.340824900000001,-85.8540412,Villa Olivia,10.337963992343917,-85.85146011822935,Resort
131,Playa Puerto Vargas,8.51584085,-83.13636745062689,Sol Y Mar,8.519452,-83.1380895527337,Restaurant
132,Playa Puerto Vargas,8.51584085,-83.13636745062689,Cabinas Sol y Mar,8.519858522313317,-83.13804570671184,Bed & Breakfast
133,Playas Tortuguero,10.54226145,-83.50171995870858,Budda Café,10.541860586025592,-83.50368587627125,Caribbean Restaurant
134,Playas Tortuguero,10.54226145,-83.50171995870858,Aracari Garden Hostel,10.540642648313902,-83.50251396172074,Hotel
135,Playas Tortuguero,10.54226145,-83.50171995870858,Fresh Foods,10.540739737810393,-83.50359695912712,Diner
136,Playas Tortuguero,10.54226145,-83.50171995870858,Playa Tortuguero,10.542295288359034,-83.5035605124002,Beach
137,Playas Tortuguero,10.54226145,-83.50171995870858,Hotel Icaco,10.539505762752771,-83.50106152561983,Hotel
138,Playas Tortuguero,10.54226145,-83.50171995870858,Miss Junies,10.544554340653262,-83.50403952485165,Bed & Breakfast
139,Playas Tortuguero,10.54226145,-83.50171995870858,Rio Chiquero,10.54184057948249,-83.50347720551702,River
140,Playas Tortuguero,10.54226145,-83.50171995870858,Playa Tortuguero,10.542088,-83.50123,Beach
141,Playas Tortuguero,10.54226145,-83.50171995870858,Miss Miriam,10.541485943681685,-83.50252437524553,Caribbean Restaurant
142,Playas Tortuguero,10.54226145,-83.50171995870858,Casa Marbella,10.542490005273441,-83.50376492231801,Hotel
143,Playas Tortuguero,10.54226145,-83.50171995870858,muelle principal de tortuguero,10.540653046632064,-83.5037219191745,Pier
144,Playas Tortuguero,10.54226145,-83.50171995870858,La Taberna,10.539672522972827,-83.50424258338418,Bar
145,Playas Tortuguero,10.471345,-85.7762625,Playa Prieta,10.46776701218907,-85.77764466830352,Beach
146,Playas Tortuguero,10.471345,-85.7762625,Villas Estival,10.467411584131534,-85.77656352639562,Resort
147,Playas Tortuguero,10.471345,-85.7762625,Sugar Beach,10.4702591283646,-85.77931639037389,Beach
148,Playas Tortuguero,10.471345,-85.7762625,Palacio Del sol CR Guanacaste,10.47115915339848,-85.77279437218489,Hotel
149,Playas Tortuguero,10.471345,-85.7762625,Bajo una Sombra,10.467910343537186,-85.77756458447824,Beach
150,Playas Tortuguero,10.471345,-85.7762625,Villas Catalina,10.475594405797015,-85.77493676646357,Beach
151,Playas Tortuguero,10.462345,-85.7672625,00:39 Heladería Italiana,10.45894736195503,-85.76733864199781,Dessert Shop
152,Playas Tortuguero,10.462345,-85.7672625,Marco Polo Pizzeria,10.459431133167413,-85.76482688542941,Italian Restaurant
153,Playas Tortuguero,10.462345,-85.7672625,Hotel Mediterraneus,10.460089603066645,-85.76535037717761,Hotel
154,Playas Tortuguero,10.462345,-85.7672625,Piazzeta San Marco,10.458998702933807,-85.76735290011071,Food Court
155,Playa Westfalia,9.93479535,-83.00343507690202,Hotel Playa Westfalia,9.93737783816148,-83.00634192344222,Hotel
156,Playa Westfalia,9.93479535,-83.00343507690202,Complejo El Pilón,9.93336382119848,-83.00268232604017,Rest Area
157,Playa Westfalia,9.93479535,-83.00343507690202,playa westfalia,9.935784327081478,-83.00473393437768,Beach
158,Playa Westfalia,9.93479535,-83.00343507690202,Antojitos Mexicanos,9.93345534022164,-83.00324376994908,Restaurant
159,Playa Westfalia,9.93479535,-83.00343507690202,Hotel Playa Westfalia,9.937409041291604,-83.00665955481135,Hotel
160,Puerto Viejo de Talamanca,9.656494300000002,-82.75356540000001,Puerto Viejo,9.657095472149031,-82.75382205400577,City
161,Puerto Viejo de Talamanca,9.656494300000002,-82.75356540000001,Soda Shekiná,9.654961313230373,-82.7538557026924,Caribbean Restaurant
162,Puerto Viejo de Talamanca,9.656494300000002,-82.75356540000001,Cómo En Mi Casa (Art Cafe),9.657453980589978,-82.75492279727686,Vegetarian / Vegan Restaurant
163,Puerto Viejo de Talamanca,9.656494300000002,-82.75356540000001,Café Viejo,9.656839553636424,-82.75433080088281,Beach Bar
164,Puerto Viejo de Talamanca,9.656494300000002,-82.75356540000001,Bread and Chocolate,9.65639749737597,-82.75383469685941,Bakery
165,Puerto Viejo de Talamanca,9.656494300000002,-82.75356540000001,Soda Riquísimo,9.657346416359658,-82.75386822889283,Caribbean Restaurant
166,Puerto Viejo de Talamanca,9.656494300000002,-82.75356540000001,La Esquina Boruca,9.65746213816973,-82.75372908326554,Pizza Place
167,Puerto Viejo de Talamanca,9.656494300000002,-82.75356540000001,Tamara,9.657353576483862,-82.75385376900604,Caribbean Restaurant
168,Puerto Viejo de Talamanca,9.656494300000002,-82.75356540000001,Cafe Rico,9.657149223247496,-82.75273182643168,Café
169,Puerto Viejo de Talamanca,9.656494300000002,-82.75356540000001,Lidia's Place,9.656090435046826,-82.75217670670561,Caribbean Restaurant
170,Puerto Viejo de Talamanca,9.656494300000002,-82.75356540000001,Jacaranda,9.655761584477109,-82.75286432585052,Bed & Breakfast
171,Puerto Viejo de Talamanca,9.656494300000002,-82.75356540000001,Koki Beach Restaurant + Bar + Lounge,9.657601939901914,-82.75278734372147,Latin American Restaurant
172,Puerto Viejo de Talamanca,9.656494300000002,-82.75356540000001,Hot Rocks,9.657536735043129,-82.75386808607341,Beach Bar
173,Puerto Viejo de Talamanca,9.656494300000002,-82.75356540000001,Deelite,9.656585834213166,-82.7558421909562,Ice Cream Shop
174,Puerto Viejo de Talamanca,9.656494300000002,-82.75356540000001,Pan Pay,9.65794945705289,-82.75496702483119,Snack Place
175,Puerto Viejo de Talamanca,9.656494300000002,-82.75356540000001,The Lazy Mon,9.6584347396042,-82.75206932043567,Beach Bar
176,Puerto Viejo de Talamanca,9.656494300000002,-82.75356540000001,Supermercado Old Harbour,9.655763126848258,-82.75532418390101,Supermarket
177,Puerto Viejo de Talamanca,9.656494300000002,-82.75356540000001,Puerto Pirata Deli,9.657784036944046,-82.75542839582327,Café
178,Puerto Viejo de Talamanca,9.656494300000002,-82.75356540000001,Pagalú Hostel,9.65507690911635,-82.75445445689822,Hostel
179,Puerto Viejo de Talamanca,9.656494300000002,-82.75356540000001,Dreadnut Coffee & More,9.657087968947975,-82.75552319512893,Coffee Shop
180,Puerto Viejo de Talamanca,9.656494300000002,-82.75356540000001,Sel & Sucre,9.65581011476176,-82.75478068406518,Café
181,Puerto Viejo de Talamanca,9.656494300000002,-82.75356540000001,Punta Uva,9.656884976104857,-82.75042491012786,Beach
182,Puerto Viejo de Talamanca,9.656494300000002,-82.75356540000001,Outback Jack,9.656438427292837,-82.75549686200182,Bar
183,Puerto Viejo de Talamanca,9.656494300000002,-82.75356540000001,Sabor Latino,9.656743049621582,-82.75281524658203,South American Restaurant
184,Puerto Viejo de Talamanca,9.656494300000002,-82.75356540000001,Indalo Boutique Hotel,9.65633323228413,-82.75058281928922,Hotel
185,Puerto Viejo de Talamanca,9.656494300000002,-82.75356540000001,Restaurant El Parquecito,9.657715225272792,-82.75343757963687,Restaurant
186,Puerto Viejo de Talamanca,9.656494300000002,-82.75356540000001,Casa Verde,9.65728087340142,-82.75242468106116,Hotel
187,Puerto Viejo de Talamanca,9.656494300000002,-82.75356540000001,Reggae Chill,9.657726116647066,-82.75318477337866,Beach Bar
188,Puerto Viejo de Talamanca,9.656494300000002,-82.75356540000001,Madre Tierra,9.657542196101423,-82.75523879681235,Restaurant
189,Puerto Viejo de Talamanca,9.656494300000002,-82.75356540000001,Puerto Viejo Beach,9.658957,-82.752032,Beach
190,Puerto Viejo de Talamanca,9.656494300000002,-82.75356540000001,Umami hotel,9.655936,-82.75102,Hotel
191,Puerto Viejo de Talamanca,9.656494300000002,-82.75356540000001,Reggaeland,9.657627058442852,-82.75343757963687,Smoke Shop
192,Puerto Viejo de Talamanca,9.656494300000002,-82.75356540000001,"Amimodo Caribe, Bar Ristorante-Pizzeria",9.659230139189281,-82.7505618421395,Italian Restaurant
193,Puerto Viejo de Talamanca,9.656494300000002,-82.75356540000001,De Gustibus Bakery,9.658930998935222,-82.74993526157915,Bakery
194,Puerto Viejo de Talamanca,9.656494300000002,-82.75356540000001,Salsa Brava,9.659018153197549,-82.75117024994623,Caribbean Restaurant
195,Puerto Viejo de Talamanca,9.656494300000002,-82.75356540000001,Joe Snack Point,9.658141166399055,-82.75198050060625,Fast Food Restaurant
196,Puerto Viejo de Talamanca,9.656494300000002,-82.75356540000001,Mopri Restaurante,9.65833501117863,-82.75207070508436,Seafood Restaurant
197,Puerto Viejo de Talamanca,9.656494300000002,-82.75356540000001,Flip Flop,9.657073438628778,-82.75462226714448,Sushi Restaurant
198,Puerto Viejo de Talamanca,9.656494300000002,-82.75356540000001,Monli,9.65758387723253,-82.75318856547752,Caribbean Restaurant
199,Puerto Viejo de Talamanca,9.656494300000002,-82.75356540000001,El Diamante de Puerto Viejo,9.658069051693753,-82.75223711764498,Convenience Store
200,Puerto Viejo de Talamanca,9.656494300000002,-82.75356540000001,Outback Jacks,9.656293219374543,-82.75552319512893,Australian Restaurant
201,Puerto Viejo de Talamanca,9.656494300000002,-82.75356540000001,Nema,9.65859249211938,-82.75168629471126,Latin American Restaurant
202,Puerto Viejo de Talamanca,9.656494300000002,-82.75356540000001,Parque Nacional Cahuita,9.654819213664545,-82.75453832917971,National Park
203,Puerto Viejo de Talamanca,9.656494300000002,-82.75356540000001,Veronica's Places,9.656167917467965,-82.75518613032588,Vegetarian / Vegan Restaurant
204,Puerto Viejo de Talamanca,9.656494300000002,-82.75356540000001,Hotel Pura Vida,9.655311591404407,-82.75323736037221,Hotel
205,Puerto Viejo de Talamanca,9.656494300000002,-82.75356540000001,Johnny's Place,9.658020750305297,-82.75518545563811,Bar
206,Puerto Viejo de Talamanca,9.656494300000002,-82.75356540000001,Mango's Bar,9.656168656523061,-82.75592701529469,Bar
207,Puerto Viejo de Talamanca,9.656494300000002,-82.75356540000001,Maritza Bar y Rest.,9.65708422391237,-82.75542733765127,Bar
208,Puerto Viejo de Talamanca,9.656494300000002,-82.75356540000001,Stanford's,9.65862092977601,-82.75214193755302,Beer Garden
209,Puerto Viejo de Talamanca,9.656494300000002,-82.75356540000001,Puerto Viejo Bakery,9.65896925165484,-82.74994124674984,Bakery
210,Puerto Viejo de Talamanca,9.656494300000002,-82.75356540000001,Puerto Viejo Hotel,9.657134207687044,-82.75332451624809,Hotel
211,Puerto Viejo de Talamanca,9.656494300000002,-82.75356540000001,Lizard King Resort,9.658908917666668,-82.75030453654894,Hotel
212,Puerto Viejo de Talamanca,9.656494300000002,-82.75356540000001,El Dorado,9.657051510197208,-82.75404900295273,Caribbean Restaurant
213,Puerto Viejo de Talamanca,9.656494300000002,-82.75356540000001,Palmer View,9.657587442697286,-82.7530057017061,Caribbean Restaurant
214,Puerto Viejo de Talamanca,9.656494300000002,-82.75356540000001,Restaurante EZ-Times,9.657835765320911,-82.75409531237094,Pizza Place
215,Puerto Viejo de Talamanca,9.656494300000002,-82.75356540000001,Chile Rojo,9.65708013511876,-82.75407558513548,Caribbean Restaurant
216,Puerto Viejo de Talamanca,9.656494300000002,-82.75356540000001,Tex Mex,9.657555450184507,-82.75387654274456,Bar
217,Puerto Viejo de Talamanca,9.656494300000002,-82.75356540000001,Coco Loco Lodge,9.65320513496804,-82.75443526930644,Hotel
218,Puerto Viejo de Talamanca,9.656494300000002,-82.75356540000001,Mamma Mia Pizzeria,9.658739215292726,-82.75078833368715,Pizza Place
219,Puerto Viejo de Talamanca,9.656494300000002,-82.75356540000001,Soda Las Carnitas,9.658393263816833,-82.75193631649017,Restaurant
220,Puerto Viejo de Talamanca,9.656494300000002,-82.75356540000001,Heladeria Tentaciones,9.658427426818504,-82.75182592351537,Ice Cream Shop
221,Puerto Viejo de Talamanca,9.656494300000002,-82.75356540000001,Crazy Lobster,9.658219181643657,-82.7522156739489,Beach Bar
222,Puerto Viejo de Talamanca,9.656494300000002,-82.75356540000001,Calalu,9.657840449421721,-82.74929249083787,Hotel
223,Punta Uva,9.6409093,-82.6863319,Playa Arrecife,9.640540357670346,-82.69019786812422,Surf Spot
224,Punta Uva,9.6409093,-82.6863319,"Arrecife, Rooms&Camping, Punta Uva",9.64057667308596,-82.69019587312202,Bed & Breakfast
225,Punta Uva,10.0357479,-85.7340031253122,La Sodita,10.034832099807767,-85.7374373131004,Breakfast Spot
226,Playa Arbolito,8.51584085,-83.13636745062689,Sol Y Mar,8.519452,-83.1380895527337,Restaurant
227,Playa Arbolito,8.51584085,-83.13636745062689,Cabinas Sol y Mar,8.519858522313317,-83.13804570671184,Bed & Breakfast
228,Playa Arbolito,11.031329300000001,-85.7339757,Playa El Jobo,11.035542840659538,-85.73359523300394,Beach
229,Playa Arbolito,11.031329300000001,-85.7339757,Barracuda,11.03208883205827,-85.73628544807433,Beer Garden
230,Playa Arbolito,11.031329300000001,-85.7339757,Explorer’s Club,11.032075668846796,-85.7362961769104,Recreation Center
231,Playa Arbolito,11.031329300000001,-85.7339757,Lapa Lapa,11.034932,-85.73379,Restaurant
232,Playa Arbolito,11.031329300000001,-85.7339757,Lower Pool (Dreams Las Mareas),11.035799576339077,-85.73346498810919,Pool
233,Playa Avellanas,10.22929465,-85.83779722405043,Playa Avellanas,10.227698180988156,-85.8370678215416,Beach
234,Playa Avellanas,10.22929465,-85.83779722405043,Lola's,10.227742438870386,-85.83710861458948,Beer Garden
235,Playa Avellanas,10.22929465,-85.83779722405043,"Lolas's, Playa Avellanas Guanacaste",10.227743991906344,-85.83708544484594,Caribbean Restaurant
236,Playa Avellanas,10.22929465,-85.83779722405043,Cabinas las olas,10.23151325384797,-85.83429907890448,Surf Spot
237,Playa Avellanas,10.22929465,-85.83779722405043,Las Olas,10.231415989034383,-85.83428345445945,Surf Spot
238,Playa Avellanas,10.1360688,-85.79073009999999,Playa Venado,10.136324276419236,-85.78941066266626,Beach
239,Playa Azul (Jurel),8.51584085,-83.13636745062689,Sol Y Mar,8.519452,-83.1380895527337,Restaurant
240,Playa Azul (Jurel),8.51584085,-83.13636745062689,Cabinas Sol y Mar,8.519858522313317,-83.13804570671184,Bed & Breakfast
241,Playa Azul (Jurel),11.0366281,-85.66750810608643,Puerto Soley,11.040636098144335,-85.66817199856723,Beach
242,Playa Azul (Jurel),11.0366281,-85.66750810608643,T.I.C.O-X Tours,11.038413423442496,-85.66730976104736,Tour Provider
243,Playa Azul (Jurel),11.0456281,-85.65850810608643,Bahia Salinas,11.04839556187955,-85.65955952051213,Beach
244,Playa Bahía Junquillal,9.721566099999999,-84.6446323,Pista Agujas MX,9.71821034128661,-84.6447575458458,Racetrack
245,Playa Barco Quebrado,9.8895216,-85.59280913526321,Playa Barco Quebrado,9.890617370605469,-85.59298706054688,Beach
246,Playa Barco Quebrado,10.0629966,-84.94760013646881,Vela y Timon,10.06168992836618,-84.94886017688044,Hotel
247,Playa Barco Quebrado,10.0629966,-84.94760013646881,Tenorio y Tenorio,10.066071,-84.950745,Supermarket
248,Playa Barrigona,9.88235155,-85.57644056669986,Playa Barrigona,9.882666016039831,-85.57581200352725,Surf Spot
249,Playa Barrigona,9.88235155,-85.57644056669986,Mel Gibson Beach,9.883246,-85.579765,Beach
250,Playa Barrigona,8.695496400000001,-83.68890278700452,Copa de Árbol Resort,8.693367109069658,-83.68932092659222,Resort
251,Playa Barrigona,8.695496400000001,-83.68890278700452,Las Caletas Lodge,8.693582734614234,-83.68781023801345,Hotel
252,Playa Barrigona,8.695496400000001,-83.67090278700452,Aguila de Osa,8.69398236902037,-83.67321541396001,Hotel
253,Playa Barrigona,8.695496400000001,-83.67090278700452,Drake Bay Wilderness Resort,8.695792112626123,-83.67367236522404,Hotel
254,Playa Bejuco,9.7891539,-84.9153891835749,Playa Quesera,9.789042,-84.919951,Beach
255,Playa Blanca (Santa Elena),9.23739555,-83.83673132243315,Cabaña Fallas,9.23655,-83.836105,Campground
256,Playa Blanca (Santa Elena),9.23739555,-83.83673132243315,Poza Azul,9.234931429302193,-83.83649125497406,Lake
257,Playa Blanca y Virador,10.609946,-85.6897983,Four Seasons Resort Costa Rica,10.611652990550642,-85.68883224228702,Resort
258,Playa Blanca y Virador,10.609946,-85.6897983,Playa blanca,10.611309402204714,-85.6890478286667,Surf Spot
259,Playa Blanca y Virador,10.609946,-85.6897983,Playa Virador,10.61179974284293,-85.688793974312,Beach
260,Playa Blanca y Virador,10.609946,-85.6897983,Sol Y Sombra-Four Seasons Resort,10.611445302538067,-85.68879714674699,Latin American Restaurant
261,Playa Blanca y Virador,10.609946,-85.6897983,Tico's Bar,10.611705011969107,-85.68886178501714,Hotel Bar
262,Playa Blanca y Virador,10.609946,-85.6897983,Congo's Bar & Grill,10.611417397319558,-85.68874199656577,Brazilian Restaurant
263,Playa Blanca y Virador,10.609946,-85.6897983,Papagayo Restaurant,10.61160819267393,-85.68895529669581,Latin American Restaurant
264,Playa Blanca y Virador,10.609946,-85.6897983,Añejo,10.611734,-85.688798,Tapas Restaurant
265,Playa Blanca y Virador,10.609946,-85.6897983,Di Mare,10.611779752790802,-85.68886119604723,Restaurant
266,Playa Blanca y Virador,10.609946,-85.6897983,Nemare,10.6115759980555,-85.68840265274,Golf Course
267,Playa Blanca y Virador,10.609946,-85.6897983,Pesce,10.611701,-85.68843,Seafood Restaurant
268,Playa Blanca y Virador,10.609946,-85.6897983,Cafe Britt,10.611709440706623,-85.688431149018,Gift Shop
269,Playa Blanca y Virador,10.609946,-85.6897983,Cena Sociale,10.611938567778532,-85.68871692828262,Italian Restaurant
270,Playa Blanca y Virador,10.609946,-85.6897983,Britt Coffee Shop,10.612316490369432,-85.6865605102281,Café
271,Playa Blanca y Virador,10.609946,-85.6897983,Marea,10.614070643971157,-85.68829076565775,Seafood Restaurant
272,Playa Brasilito,10.4131168,-85.79490140079079,Don Brasilitos,10.410854236536409,-85.795345994196,Beer Garden
273,Playa Brasilito,10.4131168,-85.79490140079079,Lucy's Retired Surfers Bar & Restaurant,10.408996388554563,-85.79598605632782,American Restaurant
274,Playa Brasilito,10.4131168,-85.79490140079079,Playa Avellanas,10.409037985997347,-85.79627586434417,Beach
275,Playa Brasilito,10.4131168,-85.79490140079079,Restaurante Camaron Dorado,10.409576725675173,-85.7965319948318,Seafood Restaurant
276,Playa Brasilito,9.9672003,-84.8275820644447,Carnival Splendor,9.969802,-84.830267,Cruise Ship
277,Playa Brasilito,9.9852003,-84.8275820644447,tienda karla,9.984762,-84.826603,Adult Boutique
278,Playa Brasilito,9.9852003,-84.8275820644447,Trébol,9.981872,-84.82922,Women's Store
279,Playa Brasilito,9.9762003,-84.8365820644447,Apetito Café,9.976076019884886,-84.8343897908278,Diner
280,Playa Brasilito,9.9762003,-84.8365820644447,Soda Luigi,9.977246037758187,-84.83573148881096,Fast Food Restaurant
281,Playa Brasilito,9.9762003,-84.8365820644447,Appetite Steak & SeaFood,9.975102387969125,-84.8353158816236,Latin American Restaurant
282,Playa Brasilito,9.9762003,-84.8365820644447,Pizzeria Matobes,9.974871280142994,-84.83906083981304,Gastropub
283,Playa Brasilito,9.9762003,-84.8365820644447,restaurant & marisqueria Don Mario R,9.975164965975729,-84.8352961643817,Seafood Restaurant
284,Playa Brasilito,9.9762003,-84.8365820644447,Aldea Casa de los Mariscos,9.97521179150888,-84.83547627925871,Restaurant
285,Playa Brasilito,9.9762003,-84.8365820644447,Pizza Hut,9.975256848697791,-84.83440130626492,Pizza Place
286,Playa Brasilito,9.9762003,-84.8365820644447,Bar Restaurant El Joroncito,9.974901356205036,-84.8372591665483,Seafood Restaurant
287,Playa Brasilito,9.9762003,-84.8365820644447,La Torre Imperial,9.974847272293426,-84.83806833594069,Beer Garden
288,Playa Brasilito,9.9762003,-84.8365820644447,Supermercado El Familiar,9.975216833246852,-84.83518767702681,Deli / Bodega
289,Playa Brasilito,9.9762003,-84.8365820644447,Hotel Tioga,9.97477402367582,-84.84001537972165,Bed & Breakfast
290,Playa Brasilito,9.9762003,-84.8365820644447,Casa de la Cultura,9.9776041739023,-84.83402577364627,Art Gallery
291,Playa Brasilito,9.9762003,-84.8365820644447,Estudio de Baile Plaza Victoria,9.97851981224179,-84.83350334428339,Music Venue
292,Playa Brasilito,9.9762003,-84.8365820644447,Soda Cebollino,9.978186580556635,-84.83520873090316,Burger Joint
293,Playa Brasilito,9.9762003,-84.8365820644447,Soda Chompis,9.976042932746154,-84.8351349587029,Fast Food Restaurant
294,Playa Brasilito,9.9762003,-84.8365820644447,Parque de la catedral,9.977988302395124,-84.83459424739648,Park
295,Playa Brasilito,9.9762003,-84.8365820644447,Restaurante El Cevichito,9.976331364778146,-84.83354106316082,Restaurant
296,Playa Brasilito,9.9762003,-84.8365820644447,Paseo de los Turistas,9.974605,-84.84071,Pedestrian Plaza
297,Playa Brasilito,9.9762003,-84.8365820644447,K-BOS Marisqueria & Steak House,9.975093185021173,-84.83559516743729,Seafood Restaurant
298,Playa Brasilito,9.9762003,-84.8365820644447,Restaurante & Marisquería Don Mario,9.97517371425008,-84.8352961582321,Seafood Restaurant
299,Playa Brasilito,9.9762003,-84.8365820644447,Café y Crepería JOTA,9.97697609223189,-84.8335780678887,Creperie
300,Playa Brasilito,9.9762003,-84.8365820644447,The Shrimp Shack,9.979571402745622,-84.8342275508477,Seafood Restaurant
301,Playa Brasilito,9.9762003,-84.8365820644447,Restaurante Sabores del Puerto,9.976910082035067,-84.8327725007537,American Restaurant
302,Playa Brasilito,9.9762003,-84.8365820644447,Kaite Negro,9.977609380363033,-84.84026332027233,Seafood Restaurant
303,Playa Brasilito,9.9762003,-84.8365820644447,Restaurante Mareas,9.979294597377377,-84.83343794605376,Restaurant
304,Playa Brasilito,9.9762003,-84.8365820644447,X-Air CHALLENGE SHOW Puntarenas 2013,9.976312655653976,-84.83290190227292,Racetrack
305,Playa Brasilito,9.9762003,-84.8365820644447,Marisquería Kimbos,9.975123395662312,-84.8355127935862,Seafood Restaurant
306,Playa Brasilito,9.9762003,-84.8365820644447,Donde Rosa!,9.975762662877457,-84.84046449164867,Bar
307,Playa Brasilito,9.9762003,-84.8365820644447,"Estadio Miguel Ángel ""Lito"" Pérez",9.976823179227203,-84.83909333559357,Soccer Stadium
308,Playa Brasilito,9.9762003,-84.8365820644447,Kiosko Rio de Janeiro,9.975399252260775,-84.83225318852597,Ice Cream Shop
309,Playa Brasilito,9.9762003,-84.8365820644447,El Joroncito,9.97486706433413,-84.83725239256835,Beer Garden
310,Playa Brasilito,9.9762003,-84.8365820644447,Kiosco Acapulco,9.97536560726821,-84.83247686148387,Ice Cream Shop
311,Playa Brasilito,9.9762003,-84.8365820644447,Kiosko El Sesteo,9.975347335447491,-84.83281298194926,Snack Place
312,Playa Brasilito,9.9762003,-84.8365820644447,Bum Bum,9.975116922090523,-84.8342238843708,Seafood Restaurant
313,Playa Brasilito,9.9762003,-84.8365820644447,Cevichito,9.976413449905046,-84.83354958589308,Seafood Restaurant
314,Playa Brasilito,9.9762003,-84.8365820644447,Capitan Moreno,9.97468720761681,-84.83774114991834,Food
315,Playa Brasilito,9.9762003,-84.8365820644447,El Chaval,9.974919735116126,-84.8392813926486,Seafood Restaurant
316,Playa Brasilito,9.9762003,-84.8365820644447,Pie Caliente,9.974879455222396,-84.83932596737654,Bar
317,Playa Brasilito,9.9762003,-84.8365820644447,Akian Public Urban Bar,9.974929303745197,-84.83849907706347,Vegetarian / Vegan Restaurant
318,Playa Brasilito,9.9762003,-84.8365820644447,Mobil Pizza Hat,9.974902261257162,-84.83853386203464,Food Truck
319,Playa Brasilito,9.9762003,-84.8365820644447,Veleta,9.974848917686277,-84.8392691428196,Bar
320,Playa Brasilito,9.9762003,-84.8365820644447,Aguamarina,9.974712383723766,-84.83856950557079,Hotel
321,Playa Brasilito,9.9762003,-84.8365820644447,Balcon Beach Sport Bar,9.974908394749423,-84.83874134624612,Bar
322,Playa Brasilito,9.9762003,-84.8365820644447,Mega Super,9.978771895033496,-84.83312743984986,Supermarket
323,Playa Brasilito,9.9762003,-84.8365820644447,Frente A Veletta,9.974702065390183,-84.83944304804244,Surf Spot
324,Playa Brasilito,9.9762003,-84.8365820644447,Muelle Pulpomar,9.979382404490003,-84.83715242495632,Market
325,Playa Brasilito,9.9762003,-84.8365820644447,Las Delicias Del Puerto,9.974729626058942,-84.84047052134363,Seafood Restaurant
326,Playa Brasilito,9.9762003,-84.8365820644447,Calypso catamaran,9.979822771152595,-84.83429212147352,Boat or Ferry
327,Playa Brasilito,9.9762003,-84.8365820644447,Kiosco Costa Azul,9.97541418902096,-84.83254238741853,Ice Cream Shop
328,Playa Brasilito,9.9762003,-84.8365820644447,Megasuper,9.978784143119816,-84.83313124469362,Convenience Store
329,Playa Brasilito,9.9762003,-84.8185820644447,Platinum Fitness Center,9.978620322737937,-84.81991174000913,Gym / Fitness Center
330,Playa Brasilito,9.9762003,-84.8185820644447,Sunset Bar,9.97905563909706,-84.81786126549537,Bar
331,Playa Brasilito,9.9762003,-84.8185820644447,Parada de Sion,9.979560921678836,-84.81876046679189,Bus Station
332,Playa Brasilito,9.9762003,-84.8185820644447,La casita de arbol de sam.,9.979219920273493,-84.82195267405366,Tree
333,Playa Buena Vista,8.51584085,-83.13636745062689,Sol Y Mar,8.519452,-83.1380895527337,Restaurant
334,Playa Buena Vista,8.51584085,-83.13636745062689,Cabinas Sol y Mar,8.519858522313317,-83.13804570671184,Bed & Breakfast
335,Playa Buena Vista,8.644378999999999,-83.44207844500589,restaurante sabores del golfo,8.64377498626709,-83.44326782226562,Restaurant
336,Playa Camaronal,8.5351289,-83.28649189971166,Punta Preciosa Lodge,8.531782885867646,-83.28558325767517,Resort
337,Playa Carbón,8.51584085,-83.13636745062689,Sol Y Mar,8.519452,-83.1380895527337,Restaurant
338,Playa Carbón,8.51584085,-83.13636745062689,Cabinas Sol y Mar,8.519858522313317,-83.13804570671184,Bed & Breakfast
339,Playa Carmen,8.51584085,-83.13636745062689,Sol Y Mar,8.519452,-83.1380895527337,Restaurant
340,Playa Carmen,8.51584085,-83.13636745062689,Cabinas Sol y Mar,8.519858522313317,-83.13804570671184,Bed & Breakfast
341,Playa Carmen,9.75038975,-84.62798911113678,Pescaderia Tarcoles,9.75224250839827,-84.62682654569782,Seafood Restaurant
342,Playa Carmen,9.75038975,-84.62798911113678,cabinas villas lilly,9.74886842239261,-84.63065951598165,Hotel
343,Playa Carmen,9.76838975,-84.62798911113678,bar y cabinas el parque,9.764608748429328,-84.62728651556601,Beach Bar
344,Playa Carmen,9.75938975,-84.61898911113678,Rio Tarcolitos,9.757689,-84.622269,River
345,Playa Carrillo,9.86819645,-85.49907825621081,Camping Mora,9.869372,-85.500963,Campground
346,Playa Carrillo,9.86819645,-85.49907825621081,Castro's Paradise,9.87089936198645,-85.49724302615236,Beach
347,Playa Carrillo,9.86819645,-85.49907825621081,paradise,9.870895385742188,-85.49716186523438,Beach
348,Playa Carrillo,9.86819645,-85.49907825621081,Monte Laguna Boutique Hotel,9.869048884956106,-85.50267189383877,Hotel
349,Playa Carrillo,9.86819645,-85.49907825621081,Montelaguna Residence,9.870087574891215,-85.50290835664102,Resort
350,Playa Cóncava,8.51584085,-83.13636745062689,Sol Y Mar,8.519452,-83.1380895527337,Restaurant
351,Playa Cóncava,8.51584085,-83.13636745062689,Cabinas Sol y Mar,8.519858522313317,-83.13804570671184,Bed & Breakfast
352,Playa Conchal,10.401501300000001,-85.8055420204737,Playa Conchal,10.40177551687335,-85.80447090187894,Beach
353,Playa Conchal,10.401501300000001,-85.8055420204737,Reserva Beach Club,10.400484244024163,-85.8059312156925,Restaurant
354,Playa Conchal,10.401501300000001,-85.8055420204737,Bamboo Asian Fusion Restaurant,10.401027001691242,-85.80438398245239,Asian Restaurant
355,Playa Conchal,10.401501300000001,-85.8055420204737,Mitra,10.401095498570923,-85.80474462074841,Restaurant
356,Playa Conchal,10.401501300000001,-85.8055420204737,Bar Imperial,10.399851664260927,-85.80459176584068,Beach Bar
357,Playa Conchal,10.401501300000001,-85.8055420204737,Royal Pool - Westin Playa Conchal,10.399281776700004,-85.80256484406944,Pool
358,Playa Conchal,10.401501300000001,-85.8055420204737,Las Candelas,10.40114992337726,-85.80468211631903,Latin American Restaurant
359,Playa Conchal,10.401501300000001,-85.8055420204737,Faisanela Ristorante Italiano,10.399284726395653,-85.80209722368821,Italian Restaurant
360,Playa Conchal,10.401501300000001,-85.8055420204737,Royal Beach Club at Westin Playa Conchal,10.399215316077328,-85.80231470012257,Lounge
361,Playa Conchal,10.401501300000001,-85.8055420204737,SPIRULA Pizza And Pasta Corner,10.401072147305252,-85.80463978816205,Italian Restaurant
362,Playa Conchal,10.401501300000001,-85.8055420204737,Mocha Mocha,10.399797,-85.804171,Coffee Shop
363,Playa Conchal,10.401501300000001,-85.8055420204737,Caracola Pool & Beach Restaurant,10.40131448230157,-85.80436736274574,Restaurant
364,Playa Conchal,10.401501300000001,-85.8055420204737,Restaurante Las Catalinas,10.40043370459316,-85.8057265610159,Mediterranean Restaurant
365,Playa Conchal,10.401501300000001,-85.8055420204737,Manglar,10.401202965955896,-85.80469602225641,Restaurant
366,Playa Conchal,10.401501300000001,-85.8055420204737,Rodízio Guanacasteco La Sabana,10.40145767113458,-85.80450091798494,Steakhouse
367,Playa Conchal,10.401501300000001,-85.8055420204737,The Spa,10.400416647516984,-85.80585041013452,Spa
368,Playa Conchal,10.401501300000001,-85.8055420204737,Reserva Beach Club Gym,10.399967825261722,-85.80567653532886,Gym
369,Playa Conchal,10.401501300000001,-85.8055420204737,Caracola,10.401584314439164,-85.8044786521526,Restaurant
370,Playa Conchal,10.401501300000001,-85.8055420204737,"Reserva Conchal, Restaurant",10.400568,-85.805624,Resort
371,Playa Conchal,10.401501300000001,-85.8055420204737,catalinas,10.400508571770498,-85.8057265610159,Mediterranean Restaurant
372,Playa Conchal,10.401501300000001,-85.8055420204737,Spirula,10.401121,-85.804407,Pizza Place
373,Playa Conchal,10.401501300000001,-85.8055420204737,Abalone Deck,10.39977084833044,-85.80466273520967,Cocktail Bar
374,Playa Conchal,10.401501300000001,-85.8055420204737,Zona Azul,10.399594,-85.80789,American Restaurant
375,Playa Coyote,9.7908435,-85.27797610236766,CEN Pilas de Bejuco,9.791540470279731,-85.27837304289206,Latin American Restaurant
376,Playa Coyotera,11.02985455,-85.71658927270164,Ecoplaya Hotel,11.029500445421847,-85.71756268312063,Hotel
377,Playa Coyotera,11.02985455,-85.71658927270164,Nandel Beach Resort,11.02898,-85.71732,Hotel
378,Playa Coyotera,11.02985455,-85.71658927270164,Ecoplaya,11.030626,-85.717949,Hotel
379,Playa Coyotera,11.02985455,-85.71658927270164,Bar/Piscina EcoBeach Hotell,11.030199349354007,-85.71754263939422,Hotel Bar
380,Playa Culebra,10.64082085,-85.6449128810504,Restaurante La Trattoria,10.643192538278534,-85.64768937142334,Italian Restaurant
381,Playa Culebra,10.64082085,-85.6449128810504,Restaurante Los Caracoles,10.643267195273818,-85.64791014222418,Restaurant
382,Playa Culebra,10.64082085,-85.6449128810504,Allegro Pool Bar,10.643337331697264,-85.6479861037235,Bar
383,Playa Culebra,10.64082085,-85.6449128810504,Pablo's Bar Papagayo,10.643302831853084,-85.64802450661945,Bar
384,Playas del Coco,10.557994800000001,-85.69226196213228,PACIFICO Beach Club,10.559231172595382,-85.69102246282513,Restaurant
385,Playas del Coco,10.557994800000001,-85.69226196213228,Cafe de Playa,10.558150392248216,-85.6917171597933,Italian Restaurant
386,Playas del Coco,10.557994800000001,-85.69226196213228,Kaixo,10.553985,-85.692477,Tapas Restaurant
387,Playas del Coco,10.557994800000001,-85.69226196213228,soda mediterranea,10.553930282592773,-85.69232177734375,Italian Restaurant
388,Playas del Coco,10.557994800000001,-85.69226196213228,Cafe Java,10.55443350211862,-85.69240681366718,Café
389,Playas del Coco,10.557994800000001,-85.69226196213228,La Dolce Vita,10.553994931775232,-85.69235517203862,Italian Restaurant
390,Playas del Coco,10.557994800000001,-85.69226196213228,Coco Beach,10.558077305256502,-85.69077750164179,Beach
391,Playas del Coco,10.557994800000001,-85.69226196213228,Hotel Villa Del Sol,10.558994,-85.689912,Hotel
392,Playas del Coco,10.557994800000001,-85.69226196213228,Señor Pizza,10.557035531742256,-85.6892132780851,Pizza Place
393,Playas del Coco,10.557994800000001,-85.69226196213228,RAW Outdoor Fitness Center,10.556655,-85.689302,Gym / Fitness Center
394,Playas del Coco,10.557994800000001,-85.69226196213228,"Luperon , El Pueblito",10.554673033522864,-85.6922915459152,Grocery Store
395,Playa Flamingo,10.43532835,-85.7924091514706,Playa Flamingo,10.437097863080238,-85.7923479977422,Beach
396,Playa Flamingo,10.43532835,-85.7924091514706,Coco Loco Bar,10.43291878900443,-85.7923606020248,Bar
397,Playa Flamingo,10.43532835,-85.7924091514706,The Palms,10.431077972296984,-85.79230242702083,Resort
398,Playa Flamingo,10.43532835,-85.7924091514706,Plaza Flamingo,10.43943086380454,-85.79106694633064,Shopping Mall
399,Playa Flamingo,10.43532835,-85.7924091514706,Angelina's,10.439420645654838,-85.79101389292025,Italian Restaurant
400,Playa Flamingo,10.43532835,-85.7924091514706,Arenas at Flamingo Beach Resort,10.438574821696848,-85.79242893761685,Caribbean Restaurant
401,Playa Flamingo,10.43532835,-85.7924091514706,Marie's Restaurant,10.43943067338927,-85.79112531173634,Restaurant
402,Playa Flamingo,10.43532835,-85.7924091514706,Costa Rica Beach Umbrella Rentals,10.433469,-85.792372,Rental Service
403,Playa Flamingo,10.43532835,-85.7924091514706,Playa Flamingo Resort Pool Bar,10.438574774466202,-85.79236393768613,Resort
404,Playa Flamingo,10.43532835,-85.7924091514706,Sunset Lounge Bar Flamingo Beach Resort,10.438578715276318,-85.79253977651942,Hotel Bar
405,Playa Flamingo,10.43532835,-85.7924091514706,Margaritaville Beach Resort Costa Rica,10.43867616,-85.79200879,Resort
406,Playa Flamingo,10.43532835,-85.7924091514706,Brindisi Diving And Sport Fishibg,10.437584,-85.789296,Athletics & Sports
407,Playa Grande,10.340824900000001,-85.8450412,El Huerto,10.341574541306402,-85.8455327008768,Pizza Place
408,Playa Grande,10.340824900000001,-85.8450412,Playa Grande Park Hotel & Villas,10.337127150614524,-85.84656715393066,Hotel
409,Playa Grande,10.340824900000001,-85.8450412,Parque Nacional Marino Las Baulas,10.344383215023575,-85.84308244843285,Beach
410,Playa Grande,10.340824900000001,-85.8450412,Kike's Restaurant & Bar,10.340054579117641,-85.84495843769618,Bar
411,Playa Gringo,8.51584085,-83.13636745062689,Sol Y Mar,8.519452,-83.1380895527337,Restaurant
412,Playa Gringo,8.51584085,-83.13636745062689,Cabinas Sol y Mar,8.519858522313317,-83.13804570671184,Bed & Breakfast
413,Playa Hermosa,10.5745016,-85.67418599999999,Playa Hermosa,10.57659871692336,-85.67624649691017,Beach
414,Playa Hermosa,10.5745016,-85.67418599999999,Restaurante Aqua Sport,10.576189176464775,-85.67755220235209,Latin American Restaurant
415,Playa Hermosa,10.5745016,-85.67418599999999,Ginger,10.575446570177997,-85.6724668652554,Thai Restaurant
416,Playa Hermosa,10.5745016,-85.67418599999999,Hotel Y Villas Huetares,10.575703647323092,-85.67483837389273,Hotel
417,Playa Hermosa,10.5745016,-85.67418599999999,Hotel ManGaby,10.576566334646378,-85.67506148555363,Hotel
418,Playa Hermosa,10.5745016,-85.67418599999999,El Velero Hotel & Restaurant,10.577783057102117,-85.67687342847492,Hotel
419,Playa Hermosa,10.5745016,-85.67418599999999,Supemercado Luperon,10.57160525707933,-85.67359900410409,Supermarket
420,Playa Hermosa,10.5745016,-85.67418599999999,Restaurante Coco Viquez,10.575784149619144,-85.67419377460297,Latin American Restaurant
421,Playa Hermosa,10.5745016,-85.67418599999999,Hotel Villa Acacia,10.576304406588577,-85.67519352091145,Hotel
422,Playa Hermosa,10.5745016,-85.67418599999999,Hotel Villas Arenas,10.575503868098734,-85.67451133554508,Hotel
423,Playa Hermosa,10.5745016,-85.67418599999999,Super Luperon,10.575891796393305,-85.67444112551091,Flea Market
424,Playa Hermosa,10.5745016,-85.67418599999999,Super Dayi,10.575795848316574,-85.67423209534056,Food & Drink Shop
425,Playa Hermosa,10.5745016,-85.67418599999999,Hermosa del Mar,10.575794683276683,-85.67421482400195,Resort
426,Playa Hermosa,10.5745016,-85.67418599999999,Roberto's Hotel Bar,10.577957378817088,-85.67673794850151,Hotel Pool
427,Playa Hermosa,10.5745016,-85.67418599999999,Pescado Loco,10.577450127068909,-85.67636650692083,Dive Bar
428,Playa Iguanita,10.6341025,-85.63288616150716,"Playa Iguanita, Guanacaste",10.63135147583422,-85.63003979990445,Beach
429,Playa Iguanita,10.6341025,-85.63288616150716,Swiss Travel / Tour Desk,10.632408646391564,-85.63120423946775,Tourist Information Center
430,Playa Islita y Corozalito,9.8508104,-85.40389671599013,Borrancho,9.853381373384552,-85.40146136680613,Restaurant
431,Playa Islita y Corozalito,9.8508104,-85.40389671599013,Playa Punta Islita,9.85288385000371,-85.40190493429236,Beach
432,Playa Islita y Corozalito,9.8508104,-85.40389671599013,Club de Playa Los Cocos,9.85317,-85.40169,Hotel Pool
433,Playa Islita y Corozalito,9.8508104,-85.40389671599013,Bar Coco,9.853377850462252,-85.40146640736609,Hotel Bar
434,Playa Jobo,11.03510175,-85.73449576352901,Playa El Jobo,11.035542840659538,-85.73359523300394,Beach
435,Playa Jobo,11.03510175,-85.73449576352901,Seaside Grill,11.03623067768026,-85.73344453291429,Restaurant
436,Playa Jobo,11.03510175,-85.73449576352901,"Dreams Las Mareas, Costa Rica",11.036253489249397,-85.73228275055004,Hotel
437,Playa Jobo,11.03510175,-85.73449576352901,World Café,11.03749438327052,-85.73139800315975,Buffet
438,Playa Jobo,11.03510175,-85.73449576352901,The Rendezvous,11.037798344366506,-85.73098202288915,Bar
439,Playa Jobo,11.03510175,-85.73449576352901,El Patio,11.037482744676433,-85.7313048380346,Mexican Restaurant
440,Playa Jobo,11.03510175,-85.73449576352901,Oceana,11.036302994099538,-85.73356478099237,Restaurant
441,Playa Jobo,11.03510175,-85.73449576352901,Himitsu,11.037513187661505,-85.73168853895157,Asian Restaurant
442,Playa Jobo,11.03510175,-85.73449576352901,Manatees,11.036078737889076,-85.73313436501279,Beer Garden
443,Playa Jobo,11.03510175,-85.73449576352901,Barefoot Grill,11.035938035329387,-85.7335701859337,Restaurant
444,Playa Jobo,11.03510175,-85.73449576352901,Main pool,11.03589268928102,-85.73344995983145,Pool
445,Playa Jobo,11.03510175,-85.73449576352901,Portofino,11.037833717091521,-85.73127341188354,Italian Restaurant
446,Playa Jobo,11.03510175,-85.73449576352901,Dreams Las Mareas' Lobby,11.036415108924585,-85.7323979697794,Hotel
447,Playa Jobo,11.03510175,-85.73449576352901,Concierge Desk @ Dreams Las Mareas Costa Rica,11.037526502108763,-85.73166156429382,Tourist Information Center
448,Playa Jobo,11.03510175,-85.73449576352901,Dreams Spa by Pevonia,11.037567453289434,-85.73148622814334,Spa
449,Playa Jobo,11.03510175,-85.73449576352901,Coco Café,11.037637002501599,-85.7311131298542,Coffee Shop
450,Playa Jobo,11.03510175,-85.73449576352901,Desires,11.037540914656207,-85.73102033211974,Bar
451,Playa La Penca,10.462345,-85.7762625,Playa La Penca,10.460556777708842,-85.77581272035727,Beach
452,Playa La Penca,10.462345,-85.7762625,Casa Del Sol,10.460596046469968,-85.77310919198467,Resort
453,Playa La Penca,10.462345,-85.7762625,Sol Y Mar,10.46057313316842,-85.77313001616382,Latin American Restaurant
454,Playa La Penca,10.462345,-85.7762625,Restaurante La Penca,10.460577413440522,-85.77312672296516,Restaurant
455,Playa Mal País,8.51584085,-83.13636745062689,Sol Y Mar,8.519452,-83.1380895527337,Restaurant
456,Playa Mal País,8.51584085,-83.13636745062689,Cabinas Sol y Mar,8.519858522313317,-83.13804570671184,Bed & Breakfast
457,Playa Manzanillo (Costa Rica),8.51584085,-83.13636745062689,Sol Y Mar,8.519452,-83.1380895527337,Restaurant
458,Playa Manzanillo (Costa Rica),8.51584085,-83.13636745062689,Cabinas Sol y Mar,8.519858522313317,-83.13804570671184,Bed & Breakfast
459,Playa Nabos,8.51584085,-83.13636745062689,Sol Y Mar,8.519452,-83.1380895527337,Restaurant
460,Playa Nabos,8.51584085,-83.13636745062689,Cabinas Sol y Mar,8.519858522313317,-83.13804570671184,Bed & Breakfast
461,Playa Nacascolo,10.62910585,-85.67503605612532,Playa Nacazcolo,10.628602683383564,-85.67532375919265,Beach
462,Playa Nacascolo,10.62910585,-85.67503605612532,Andaz Beach House,10.62845,-85.675951,Restaurant
463,Playa Nancite,8.51584085,-83.13636745062689,Sol Y Mar,8.519452,-83.1380895527337,Restaurant
464,Playa Nancite,8.51584085,-83.13636745062689,Cabinas Sol y Mar,8.519858522313317,-83.13804570671184,Bed & Breakfast
465,Playa Naranjo,10.7792989,-85.6664931,Playa Naranjo - Peña Bruja,10.779166012145161,-85.66582464719677,Surf Spot
466,Playa Negra,10.194563,-85.83014730413045,Playa Negra,10.19542584037117,-85.82928336860739,Beach
467,Playa Negra,10.194563,-85.83014730413045,Hotel Cafe Playa Negra,10.195218,-85.829923,Bed & Breakfast
468,Playa Negra,10.194563,-85.83014730413045,"Rancho Playa Negra, Costa Rica",10.195355865490454,-85.82972839555856,Beach
469,Playa Negra,10.194563,-85.83014730413045,Negragrill Bar-Restaurante,10.195277636911136,-85.82933337182375,Restaurant
470,Playa Nubes,8.51584085,-83.13636745062689,Sol Y Mar,8.519452,-83.1380895527337,Restaurant
471,Playa Nubes,8.51584085,-83.13636745062689,Cabinas Sol y Mar,8.519858522313317,-83.13804570671184,Bed & Breakfast
472,Playa Ocotal,10.54616,-85.72245,Playa Ocotal,10.54562191204086,-85.72140592745272,Beach
473,Playa Ocotal,10.54616,-85.72245,Father Rooster,10.545629191288471,-85.72185548724048,Bar
474,Playa Ocotal,10.54616,-85.72245,Rocket Frog Divers,10.545807340102566,-85.72113535614622,Dive Spot
475,Playa Ocotal,10.54616,-85.72245,Ocotal Beach Club,10.54508769074597,-85.72139590631788,Beach
476,Playa Ocotal,10.54616,-85.72245,Hotel Los Almendros,10.545853723133717,-85.72050902837212,Resort
477,Playa Ocotal,10.54616,-85.72245,Ocotal Beach Resort Guanacaste,10.546173509724616,-85.72589520502949,Hotel
478,Playa Ocotal,10.54616,-85.72245,Roca Bruja,10.54619,-85.72578,Restaurant
479,Playa Pan de Azúcar,10.4767532,-85.78065409999999,Sugar Beach Hotel Guanacaste,10.475431444697232,-85.77945229361087,Hotel
480,Playa Pan de Azúcar,10.4767532,-85.78065409999999,Casa Chameleon Las Catalinas,10.478645,-85.784547,Hotel
481,Playa Pan de Azúcar,10.4767532,-85.78065409999999,Playa Pan de Azúcar,10.475197576792729,-85.77973681512447,Beach
482,Playa Pan de Azúcar,10.4767532,-85.78065409999999,Pan de Azucar,10.475208133244024,-85.77941148674195,Beach
483,Playa Pan de Azúcar,10.4767532,-85.78065409999999,Restaurante Sentido Norte,10.477878,-85.784866,Restaurant
484,Playa Panamá (Chrorotega),8.51584085,-83.13636745062689,Sol Y Mar,8.519452,-83.1380895527337,Restaurant
485,Playa Panamá (Chrorotega),8.51584085,-83.13636745062689,Cabinas Sol y Mar,8.519858522313317,-83.13804570671184,Bed & Breakfast
486,Playa Pelada,9.95467995,-85.67517548848251,La Luna,9.952092548876507,-85.67404536718313,Mediterranean Restaurant
487,Playa Pelada,9.95467995,-85.67517548848251,Il Pepperoni,9.953833438169143,-85.67292448677063,Italian Restaurant
488,Playa Pelada,9.95467995,-85.67517548848251,Playa Pelada,9.957308289675401,-85.67349328096981,Beach
489,Playa Pelada,9.95467995,-85.67517548848251,El Chivo,9.956187715326246,-85.67201265992409,Mexican Restaurant
490,Playa Pelada,9.95467995,-85.67517548848251,Olga's Bar & Grill,9.953313137890573,-85.67423309021856,Restaurant
491,Playa Pietra,8.51584085,-83.13636745062689,Sol Y Mar,8.519452,-83.1380895527337,Restaurant
492,Playa Pietra,8.51584085,-83.13636745062689,Cabinas Sol y Mar,8.519858522313317,-83.13804570671184,Bed & Breakfast
493,Playa Pitahaya,10.0674324,-85.76654073112843,Playa Pitahaya,10.068471149794556,-85.76688732031101,Beach
494,Playa Pitahaya,10.0674324,-85.76654073112843,D’lirio Resterante,10.06995,-85.763243,Bar
495,Playa Pleito y San Juanillo,10.0357479,-85.7430031253122,Playa San Juanillo,10.031663493226535,-85.74132920085702,Beach
496,Playa Pleito y San Juanillo,10.0357479,-85.7430031253122,Restaurant San Juanillo,10.034343251701582,-85.74027235877527,Restaurant
497,Playa Pleito y San Juanillo,10.0357479,-85.7430031253122,Ancient People,10.034413859352286,-85.7398265754476,Caribbean Restaurant
498,Playa Pleito y San Juanillo,10.0357479,-85.7430031253122,Soda Brisas Del Mar,10.032484,-85.74036,Restaurant
499,Playa Pochote (Papagayo),8.51584085,-83.13636745062689,Sol Y Mar,8.519452,-83.1380895527337,Restaurant
500,Playa Pochote (Papagayo),8.51584085,-83.13636745062689,Cabinas Sol y Mar,8.519858522313317,-83.13804570671184,Bed & Breakfast
501,Playa Potrero,10.4541413,-85.77117829999999,Villaggio Flor De Pacifico Villa Potrero,10.45645254849381,-85.76856438957793,Hotel
502,Playa Potrero,10.4541413,-85.77117829999999,Soda Marcell,10.457988,-85.770669,Breakfast Spot
503,Playa Potrero,10.4541413,-85.77117829999999,"Hotel Isolina (Flamingo,Guanacaste)",10.450452223926177,-85.76963787359996,Hotel
504,Playa Potrero,10.4541413,-85.77117829999999,Potrero Bay,10.4582561478575,-85.77003115570103,Beach
505,Playa Real y Roble,8.51584085,-83.13636745062689,Sol Y Mar,8.519452,-83.1380895527337,Restaurant
506,Playa Real y Roble,8.51584085,-83.13636745062689,Cabinas Sol y Mar,8.519858522313317,-83.13804570671184,Bed & Breakfast
507,Playa Sámara,9.8738539,-85.51189861814154,Hotel Villas Playa Sámara,9.872836792875402,-85.50764697683596,Resort
508,Playa Sámara,9.8738539,-85.51189861814154,Sol Samara Hotel,9.874141721366883,-85.50917154388013,Hotel
509,Playa Sámara,9.8738539,-85.51189861814154,Sol Samara,9.874168036602063,-85.50917172731222,Hotel Bar
510,Playa Sámara,9.8738539,-85.51189861814154,Costa Rica Moneky Tours,9.873277366800416,-85.50788389694489,Tourist Information Center
511,Playa San Miguel,9.8115467,-85.31037709332722,Playa San Miguel,9.813606865280724,-85.30993860708686,Beach
512,Playa San Miguel,9.8115467,-85.31037709332722,Rancho Los Maderos,9.812145999380023,-85.31018096018705,Latin American Restaurant
513,Playa San Miguel,9.8115467,-85.31037709332722,Corrientes peligrosas,9.812016218072122,-85.31005978377121,Surf Spot
514,Playa San Miguel,9.8115467,-85.31037709332722,San Miguel,9.8138354056537,-85.31031728333389,Beach
515,Playa San Miguel,9.8115467,-85.31037709332722,LocosCocos - A Barefoot Beach Bar,9.813967360820493,-85.3139877319336,Seafood Restaurant
516,Playa Santa Teresa,8.51584085,-83.13636745062689,Sol Y Mar,8.519452,-83.1380895527337,Restaurant
517,Playa Santa Teresa,8.51584085,-83.13636745062689,Cabinas Sol y Mar,8.519858522313317,-83.13804570671184,Bed & Breakfast
518,Playa Prieta (Papagayo),8.51584085,-83.13636745062689,Sol Y Mar,8.519452,-83.1380895527337,Restaurant
519,Playa Prieta (Papagayo),8.51584085,-83.13636745062689,Cabinas Sol y Mar,8.519858522313317,-83.13804570671184,Bed & Breakfast
520,Playa Pochote (Salinas),8.51584085,-83.13636745062689,Sol Y Mar,8.519452,-83.1380895527337,Restaurant
521,Playa Pochote (Salinas),8.51584085,-83.13636745062689,Cabinas Sol y Mar,8.519858522313317,-83.13804570671184,Bed & Breakfast
522,Playa Tamarindo,10.3008535,-85.84154816522363,Playa Tamarindo,10.30159545799928,-85.84027792935635,Beach
523,Playa Tamarindo,10.3008535,-85.84154816522363,Patagonia Argentinian Grill & Restaurant,10.299801459914873,-85.84102025122493,Argentinian Restaurant
524,Playa Tamarindo,10.3008535,-85.84154816522363,Blue Trailz Hostel,10.301672699046325,-85.84013866355835,Hostel
525,Playa Tamarindo,10.3008535,-85.84154816522363,Mandarina Tropical Juice Bar,10.298540443013996,-85.84131099231286,Juice Bar
526,Playa Tamarindo,10.3008535,-85.84154816522363,Pico Bistro,10.302815,-85.839819,Café
527,Playa Tamarindo,10.3008535,-85.84154816522363,Hotel Tamarindo Diria,10.300295234795696,-85.83997297260912,Beach
528,Playa Tamarindo,10.3008535,-85.84154816522363,Surf Shack Burgers & Wings,10.298287873938502,-85.84242532454371,Burger Joint
529,Playa Tamarindo,10.3008535,-85.84154816522363,Villas Macondo,10.298896240662229,-85.83997116954355,Hostel
530,Playa Tamarindo,10.3008535,-85.84154816522363,El Mercadito,10.299508694413907,-85.84091452219556,Food Court
531,Playa Tamarindo,10.3008535,-85.84154816522363,El Be Club,10.299743285481322,-85.84177526799816,Fish & Chips Shop
532,Playa Tamarindo,10.3008535,-85.84154816522363,La Esquina,10.297583491210233,-85.84098046996525,Pizza Place
533,Playa Tamarindo,10.3008535,-85.84154816522363,Santa Rita Café & Market,10.302179774659615,-85.84000796773574,Breakfast Spot
534,Playa Tamarindo,10.3008535,-85.84154816522363,Tamarindo Diria,10.300976729573454,-85.84095045351229,Resort
535,Playa Tamarindo,10.3008535,-85.84154816522363,Condominios SunRise,10.301973153279581,-85.83964055866959,Hotel
536,Playa Tamarindo,10.3008535,-85.84154816522363,Nordico Coffee,10.29774664956987,-85.8410197019602,Coffee Shop
537,Playa Tamarindo,10.3008535,-85.84154816522363,Volcano Brewing Company,10.30377785654219,-85.83928721400282,Brewery
538,Playa Tamarindo,10.3008535,-85.84154816522363,Dragonfly Bar & Grill,10.297642197854357,-85.83924293731545,Restaurant
539,Playa Tamarindo,10.3008535,-85.84154816522363,Cafe Tico,10.297226351236489,-85.84150407522426,Coffee Shop
540,Playa Tamarindo,10.3008535,-85.84154816522363,Green Papaya,10.29733560892718,-85.84028598009307,Mexican Restaurant
541,Playa Tamarindo,10.3008535,-85.84154816522363,Baula pizza,10.29751319349174,-85.83965059497862,Pizza Place
542,Playa Tamarindo,10.3008535,-85.84154816522363,Sharky's Sports Bar Tamarindo,10.298082082856963,-85.8411883857009,Sports Bar
543,Playa Tamarindo,10.3008535,-85.84154816522363,La Oveja Negra,10.297392490979396,-85.84071757395856,Bed & Breakfast
544,Playa Tamarindo,10.3008535,-85.84154816522363,Tamarindo Diria Restaurant,10.300859494358788,-85.84065787298694,Restaurant
545,Playa Tamarindo,10.3008535,-85.84154816522363,Asian Fusion Bistro,10.299488,-85.840782,Asian Restaurant
546,Playa Tamarindo,10.3008535,-85.84154816522363,The Groovy Box,10.300074431446896,-85.84101356857917,Coffee Shop
547,Playa Tamarindo,10.3008535,-85.84154816522363,Wild Panda,10.29872301920311,-85.84136677650538,Bar
548,Playa Tamarindo,10.3008535,-85.84154816522363,Nogui's Playa Tamarindo,10.29859682446059,-85.84275613272784,Caribbean Restaurant
549,Playa Tamarindo,10.3008535,-85.84154816522363,La Bodega,10.296627,-85.840215,Café
550,Playa Tamarindo,10.3008535,-85.84154816522363,La Oveja Negra Bar,10.297312492437891,-85.84067556905642,Bar
551,Playa Tamarindo,10.3008535,-85.84154816522363,Jardin Del Eden,10.300605247626049,-85.83928829046489,Resort
552,Playa Tamarindo,10.3008535,-85.84154816522363,Pacifico Bar,10.298418489557298,-85.84263352258594,Bar
553,Playa Tamarindo,10.3008535,-85.84154816522363,Falafel Bar,10.297375606413782,-85.84077661032443,Falafel Restaurant
554,Playa Tamarindo,10.3008535,-85.84154816522363,Shrimp Hole,10.297382156289359,-85.84153273272341,Seafood Restaurant
555,Playa Tamarindo,10.3008535,-85.84154816522363,La Palapa,10.299211921079094,-85.8424718940956,Mediterranean Restaurant
556,Playa Tamarindo,10.3008535,-85.84154816522363,Witch's Rock Surf Camp,10.304013545380522,-85.83889826057259,Snack Place
557,Playa Tamarindo,10.3008535,-85.84154816522363,Wok and Roll,10.298283834650109,-85.84129417046654,Asian Restaurant
558,Playa Tamarindo,10.3008535,-85.84154816522363,Venezia Gelati y Café,10.300449871148539,-85.84075514469393,Snack Place
559,Playa Tamarindo,10.3008535,-85.84154816522363,The Ocean Restaurante & Beach Bar,10.299957135839872,-85.84155911683521,Restaurant
560,Playa Tamarindo,10.3008535,-85.84154816522363,PASATIEMPO HOTEL,10.296910935196486,-85.84006291711871,Bed & Breakfast
561,Playa Tamarindo,10.3008535,-85.84154816522363,Mandarina Juice Bar,10.301401410557375,-85.84024882393746,Juice Bar
562,Playa Tamarindo,10.3008535,-85.84154816522363,Bamboo Sushi Club,10.299539662861273,-85.84117206151235,Japanese Restaurant
563,Playa Tamarindo,10.3008535,-85.84154816522363,Subway,10.30115327129126,-85.84015022504975,Sandwich Place
564,Playa Tamarindo,10.3008535,-85.84154816522363,El vaquero,10.303756047746306,-85.83928666599765,Beer Garden
565,Playa Tamarindo,10.3008535,-85.84154816522363,Longboards BBQ,10.298479721378714,-85.84131134098317,BBQ Joint
566,Playa Tamarindo,10.3008535,-85.84154816522363,Hotel In The Shade,10.297460572975167,-85.839460233063,Hotel
567,Playa Tamarindo,10.3008535,-85.84154816522363,La Baula Pizza Bar,10.29749576458575,-85.83974785402297,Pizza Place
568,Playa Tamarindo,10.3008535,-85.84154816522363,Nari,10.300603342673668,-85.84074108223494,Pizza Place
569,Playa Tamarindo,10.3008535,-85.84154816522363,marea alta,10.300428404374921,-85.8406878684195,Seafood Restaurant
570,Playa Tamarindo,10.3008535,-85.84154816522363,El Coconut Restaurant,10.303637375918477,-85.83895653090035,Seafood Restaurant
571,Playa Tamarindo,10.3008535,-85.84154816522363,Selina Hotels Tamarindo,10.29720162167732,-85.84209926294845,Bed & Breakfast
572,Playa Tamarindo,10.3008535,-85.84154816522363,el chiringuito,10.297810950151954,-85.84335502522741,Restaurant
573,Playa Tamarindo,10.3008535,-85.84154816522363,El Garito,10.298001494886424,-85.84084540314959,Bar
574,Playa Tamarindo,10.3008535,-85.84154816522363,Eat At Joe's,10.304024205149522,-85.83888204452946,American Restaurant
575,Playa Tamarindo,10.3008535,-85.84154816522363,Cabana Blanca,10.297448874121107,-85.8429024837976,Italian Restaurant
576,Playa Tamarindo,10.3008535,-85.84154816522363,Hotel El JardÃ­n del Eden Guanacaste,10.30055875229934,-85.8393130601356,Hotel
577,Playa Tamarindo,10.3008535,-85.84154816522363,Vulcano,10.298952033320072,-85.84209623487787,Italian Restaurant
578,Playa Tamarindo,10.3008535,-85.84154816522363,Sprout,10.30390059944704,-85.83864314049623,Taco Place
579,Playa Tamarindo,10.3008535,-85.84154816522363,Restaurante Portofino beach,10.299295904263195,-85.84208571339347,Latin American Restaurant
580,Playa Tamarindo,10.3008535,-85.84154816522363,Gallo Fino,10.301072238878595,-85.84023465437198,Restaurant
581,Playa Tamarindo,10.3008535,-85.84154816522363,Pipos Dog,10.301410524066686,-85.84014794800876,Hot Dog Joint
582,Playa Tamarindo,10.3008535,-85.84154816522363,Super Las Palmeras,10.301782695424103,-85.84022293728707,Shop & Service
583,Playa Tamarindo,10.3008535,-85.84154816522363,Supermarket Las Olas,10.302358218826983,-85.83988298503343,Convenience Store
584,Playa Tamarindo,10.3008535,-85.84154816522363,15 Love,10.302242,-85.838104,Hotel Pool
585,Playa Tamarindo,10.3008535,-85.84154816522363,Pizzeria las baulas,10.29753293666618,-85.83964301741017,Italian Restaurant
586,Playa Tamarindo,10.3008535,-85.84154816522363,Witch's Rock Brewery,10.303668,-85.83883,Restaurant
587,Playa Ventanas,10.348290800000001,-85.86245840000001,Playa Carbón,10.346584962166245,-85.86372429042216,Beach
588,Balnerario Puntarenas,8.51584085,-83.13636745062689,Sol Y Mar,8.519452,-83.1380895527337,Restaurant
589,Balnerario Puntarenas,8.51584085,-83.13636745062689,Cabinas Sol y Mar,8.519858522313317,-83.13804570671184,Bed & Breakfast
590,Playa Agujas,9.721566099999999,-84.6536323,Playa Agujas,9.724390706673601,-84.65139627456665,Beach
591,Playa Agujas,9.721566099999999,-84.6536323,Bar Y Restaurante Agujas,9.723012359234868,-84.65183336596232,Restaurant
592,Playa Agujas,9.721566099999999,-84.6536323,kayak jaco,9.721249986985715,-84.65014750929696,Beach
593,Playa Bahía Drake,8.69184795,-83.66334195206292,Claudio's grill,8.689211,-83.662929,BBQ Joint
594,Playa Bahía Drake,8.69184795,-83.66334195206292,Parque Nacional Corcovado,8.68904137008311,-83.662798095302,Park
595,Playa Bahía Drake,8.69184795,-83.66334195206292,Marisquería Margarita,8.690039431437835,-83.66677100651088,Seafood Restaurant
596,Playa Bahía Drake,8.69184795,-83.66334195206292,Mar Y Bosque,8.689808062381132,-83.66398220506899,Restaurant
597,Playa Bahía Drake,8.69184795,-83.66334195206292,Cabinas Murillo,8.68983,-83.665009,Hotel
598,Playa Bahía Drake,8.69184795,-83.66334195206292,Cabinas Manolo,8.689295820967788,-83.66274616014944,Hotel
599,Playa Bahía Drake,8.69184795,-83.66334195206292,Delicias Bahía Drake,8.68990868863562,-83.66394585115565,Diner
600,Playa Bahía Drake,8.69184795,-83.66334195206292,Las Cotingas Lodge,8.689626334250827,-83.66615820792755,Hotel
601,Playa Ballena,9.11725295,-83.70392194016301,Playa Ballena,9.120186977043275,-83.70580633647063,Beach
602,Playa Blanca,10.0629966,-84.95660013646881,Playa Blanca,10.063205826550737,-84.95711783163836,Beach
603,Playa Blanca,10.0629966,-84.95660013646881,Playa Blanca,10.063169903457505,-84.95664019110134,Beach
604,Playa Boca Vieja,8.51584085,-83.13636745062689,Sol Y Mar,8.519452,-83.1380895527337,Restaurant
605,Playa Boca Vieja,8.51584085,-83.13636745062689,Cabinas Sol y Mar,8.519858522313317,-83.13804570671184,Bed & Breakfast
606,Playa Cabo Blanco,8.51584085,-83.13636745062689,Sol Y Mar,8.519452,-83.1380895527337,Restaurant
607,Playa Cabo Blanco,8.51584085,-83.13636745062689,Cabinas Sol y Mar,8.519858522313317,-83.13804570671184,Bed & Breakfast
608,Playa Cabuya,9.5995055,-85.08516180000001,Panaderia Cabuja,9.60000615276133,-85.0882336276667,Restaurant
609,Playa Cabuya,9.5995055,-85.08516180000001,Super David,9.599286,-85.087041,Convenience Store
610,Playa Cabuya,9.5995055,-85.08516180000001,"Playa Suecos, Cabuya",9.603093780992303,-85.08539471018327,Beach
611,Playa Cabuya,9.5995055,-85.08516180000001,Isla Cabuya,9.602195,-85.08239,Beach
612,Playa Cabuya,9.5995055,-85.08516180000001,El Delfin De La Luna,9.603106,-85.08692,Tapas Restaurant
613,Playa Cocalito,8.695496400000001,-83.67990278700452,Playa Cocalito,8.695045169748981,-83.67968511684799,Beach
614,Playa Cocalito,8.695496400000001,-83.67990278700452,Playa Caletas,8.693686472359683,-83.67916071165503,Beach
615,Playa Cocalito,8.695496400000001,-83.67990278700452,La Paloma,8.695439,-83.676579,Resort
616,Playa Cacao,8.637084199999999,-83.16903590000001,La Playa Beachfront Restaurant Bar & Grill,8.63722,-83.169066,Restaurant
617,Playa Cacao,8.637084199999999,-83.16903590000001,Golfito Marina Village & Resort,8.637671,-83.169167,Port
618,Playa Cacao,8.637084199999999,-83.16903590000001,Pizzeria skylyn,8.640113194287741,-83.16743600179608,Pizza Place
619,Playa Cacao,8.637084199999999,-83.16903590000001,Parque Golfito,8.638152991492195,-83.16567212019869,Park
620,Playa Cacao,8.637084199999999,-83.16903590000001,MegaSuper,8.638113,-83.165555,Big Box Store
621,Playa Cacao,8.637084199999999,-83.16903590000001,Soda Fermary,8.637260481584995,-83.16490793114833,Fast Food Restaurant
622,Playa Cacao,8.637084199999999,-83.16903590000001,Barrio Bella Vista,8.638831624438371,-83.16524291923271,Park
623,Playa Caldera,9.932353,-84.7214484577186,Restaurante Mar Azul,9.930804095334988,-84.71874291443727,Seafood Restaurant
624,Playa Caldera,9.932353,-84.7214484577186,Restaurante Don Lalo,9.931511683682272,-84.71939222830686,Restaurant
625,Playa Caldera,9.932353,-84.7214484577186,Soda Kathia,9.93118021974585,-84.71915761299645,Breakfast Spot
626,Playa Caldera,9.932353,-84.7214484577186,Cabinas Caldera,9.931643478652694,-84.71955882406021,Hotel
627,Playa Caldera,9.932353,-84.7214484577186,Caldera,9.931544399542206,-84.71950269569514,Port
628,Playa Caldera,9.932353,-84.7214484577186,Restaurant Caldera,9.93156660011171,-84.71936342543046,Seafood Restaurant
629,Playa Caldera,9.932353,-84.7214484577186,bus de caldera 🚍,9.931243338220975,-84.71927818224798,Trail
630,Playa Caldera,9.932353,-84.7214484577186,Playa Hermosa,9.930828581339316,-84.71849748052476,Surf Spot
631,Playa Carate,8.440706200000001,-83.4559490829963,Finca Exotica Eco-Lodge,8.442263404940528,-83.45377555767573,Resort
632,Playa Carate,8.440706200000001,-83.4559490829963,Lookout Inn,8.44079,-83.451923,Resort
633,Playa Curú,9.7891539,-84.9243891835749,Refugio de Vida Silvestre Curú,9.787351931442506,-84.92535607378721,Beach
634,Playa Curú,9.7891539,-84.9243891835749,mirador Refugio de vida silvestre Cucú,9.79257204577908,-84.92445109181725,Beach
635,Playa Curú,9.7891539,-84.9243891835749,Playa Quesera,9.789042,-84.919951,Beach
636,Playa de Arco,8.51584085,-83.13636745062689,Sol Y Mar,8.519452,-83.1380895527337,Restaurant
637,Playa de Arco,8.51584085,-83.13636745062689,Cabinas Sol y Mar,8.519858522313317,-83.13804570671184,Bed & Breakfast
638,Playa de Doña Ana,8.51584085,-83.13636745062689,Sol Y Mar,8.519452,-83.1380895527337,Restaurant
639,Playa de Doña Ana,8.51584085,-83.13636745062689,Cabinas Sol y Mar,8.519858522313317,-83.13804570671184,Bed & Breakfast
640,Playa Dominical,9.25093715,-83.86418362924842,Playa Dominical,9.25346327337182,-83.86357143102876,Beach
641,Playa Dominical,9.25093715,-83.86418362924842,Tortilla Flats,9.252802130609112,-83.86597527998615,Latin American Restaurant
642,Playa Dominical,9.25093715,-83.86418362924842,Fuego Brew Company,9.254166031684347,-83.86481488870415,Gastropub
643,Playa Dominical,9.25093715,-83.86418362924842,Restaurante el Coco,9.25200902825383,-83.86448706079989,Restaurant
644,Playa Dominical,9.25093715,-83.86418362924842,Pizza La Casita,9.253681113226534,-83.86588537871125,Pizza Place
645,Playa Dominical,9.25093715,-83.86418362924842,Hotel Diuwak,9.2535171881457,-83.864715068154,Hotel
646,Playa Dominical,9.25093715,-83.86418362924842,Salon El Coco,9.2519328343313,-83.8644367535561,Bar
647,Playa Dominical,9.25093715,-83.86418362924842,San Clemente Bar and Grill,9.255298500598926,-83.86353001727272,Latin American Restaurant
648,Playa Dominical,9.25093715,-83.86418362924842,del Mar Taco Shop and Burritos,9.252093655754994,-83.86391826990133,Mexican Restaurant
649,Playa Dominical,9.25093715,-83.86418362924842,Tropical Sands,9.2519492,-83.8622834,Hotel
650,Playa Dominical,9.25093715,-83.86418362924842,Mini Super el Mercadito,9.25387,-83.864128,Big Box Store
651,Playa Dominicalito,9.23739555,-83.84573132243315,beach house incognito pool,9.238441,-83.846604,Pool
652,Playa Espadilla,9.39243715,-84.15177723780697,Playa Manuel Antonio,9.391847348298,-84.14886468981337,Beach
653,Playa Espadilla,9.39243715,-84.15177723780697,Hotel Verde Mar,9.393899547903825,-84.15132802860866,Hotel
654,Playa Espadilla,9.39243715,-84.15177723780697,Costa Linda,9.392147032346488,-84.14803525242841,Diner
655,Playa Espadilla,9.39243715,-84.15177723780697,Backpackers Paradise Costa Linda,9.392199834286801,-84.14810836314848,Hostel
656,Playa Espadilla,9.39243715,-84.15177723780697,Hotel Villabosque,9.392197151360604,-84.14759750458191,Hotel
657,Playa Espadilla,9.39243715,-84.15177723780697,Vela Bar Hotel,9.392268816208452,-84.14787025745994,Hotel Bar
658,Playa Espadilla,9.39243715,-84.15177723780697,Balu's Beach Bar,9.392770060834636,-84.15158090964532,Food
659,Playa Espadilla,9.39243715,-84.15177723780697,El Sol Restaurant & Sports Bar,9.391126375889447,-84.14912040788636,Restaurant
660,Playa Espadilla,9.39243715,-84.15177723780697,Jungle Beach,9.395288118524537,-84.1516750629453,Hotel
661,Playa Espadilla,9.39243715,-84.15177723780697,Marlin Restaurante,9.391056551064093,-84.14896675015906,Seafood Restaurant
662,Playa Espadilla,9.39243715,-84.15177723780697,Dragonfly Thai,9.390816961444889,-84.14878357532507,Thai Restaurant
663,Playa Espadilla,9.39243715,-84.15177723780697,Las Gemelas,9.390787522067074,-84.14878070105519,Beer Garden
664,Playa Espadilla,9.39243715,-84.15177723780697,Karahe Hotel,9.395013690940509,-84.15433168771983,Hotel
665,Playa Espadilla,9.39243715,-84.15177723780697,"hotel Coco Beach, Ml. Antonio",9.393953857288398,-84.15131542347822,Hotel
666,Playa Espadilla,9.39243715,-84.15177723780697,Restaurante El Nuevo Amancer,9.39078406453127,-84.14871526839319,Restaurant
667,Playa Espadilla,9.39243715,-84.15177723780697,d tapas,9.39091,-84.148799,Tapas Restaurant
668,Playa Espadilla,9.39243715,-84.15177723780697,Smoothies L'Sol,9.391121,-84.149113,Juice Bar
669,Playa Espadilla,9.39243715,-84.15177723780697,Cabinas Playa Espadilla,9.391826825220633,-84.14793208797005,Hotel
670,Playa Espadilla,9.39243715,-84.15177723780697,Sol Frozen Drinks and Ice Cream,9.392228,-84.147719,Ice Cream Shop
671,Playa Espadilla,9.39243715,-84.15177723780697,Cosechas,9.390552468667131,-84.14787025750154,Juice Bar
672,Playa Esterillos,9.52437025,-84.45449198429253,Alma del Pacifico Beach Hotel & Spa,9.524435640925695,-84.45268370383556,Hotel
673,Playa Esterillos,9.52437025,-84.45449198429253,Playa Esterillos Este,9.525671828595122,-84.45260906283066,Beach
674,Playa Esterillos,9.52437025,-84.45449198429253,Hotel El Pelícano,9.523682741533214,-84.45046717826624,Hotel
675,Playa Esterillos,9.52437025,-84.45449198429253,Encantada Beach Cottages,9.524252032171198,-84.45159920657593,Hotel
676,Playa Garza (Boca Brava),8.51584085,-83.13636745062689,Sol Y Mar,8.519452,-83.1380895527337,Restaurant
677,Playa Garza (Boca Brava),8.51584085,-83.13636745062689,Cabinas Sol y Mar,8.519858522313317,-83.13804570671184,Bed & Breakfast
678,Playa Herradura,9.65117975,-84.66005027755614,Los Sueños Marriott Ocean & Golf Resort,9.652982858300627,-84.65976476669306,Resort
679,Playa Herradura,9.65117975,-84.66005027755614,Beach Club For Residents,9.653677751077046,-84.66171194159008,Beach
680,Playa Herradura,9.65117975,-84.66005027755614,Iguana Golf Course,9.654114156225006,-84.65919947014908,Golf Course
681,Playa Herradura,9.65117975,-84.66005027755614,Restaurante La Vista,9.652807840401127,-84.66017331378816,Restaurant
682,Playa Herradura,9.65117975,-84.66005027755614,La Puesta Del Sol,9.648123283557593,-84.65671544970189,Beer Garden
683,Playa Herradura,9.65117975,-84.66005027755614,Bar 8cho,9.652871452673553,-84.66013592279491,Hotel Bar
684,Playa Herradura,9.65117975,-84.66005027755614,Puesta De Sol Bar,9.65286945714636,-84.66010366404747,Bar
685,Playa Herradura,9.65117975,-84.66005027755614,Los Sueños Pool,9.652800559435777,-84.6602057233281,Resort
686,Playa Herradura,9.65117975,-84.66005027755614,Zoe Restaurante,9.652378,-84.659949,Mediterranean Restaurant
687,Playa Herradura,9.65117975,-84.66005027755614,Restaurante Casa Del Cafe,9.652872687726543,-84.65989925214042,Snack Place
688,Playa Herradura,9.65117975,-84.66005027755614,Hacienda Kitchen,9.652731,-84.660273,Restaurant
689,Playa Herradura,9.65117975,-84.66005027755614,Restaurante Arrecife,9.652194327368905,-84.65979198683945,Restaurant
690,Playa Herradura,9.65117975,-84.66005027755614,La Torre,9.652926781843151,-84.65964670030498,Diner
691,Playa Herradura,9.65117975,-84.66005027755614,Sibo Spa,9.653173754820614,-84.65948551345026,Spa
692,Playa Herradura,9.65117975,-84.66005027755614,Cafetería Los Sueños Marriott,9.6533785,-84.659805,Buffet
693,Playa Herradura,9.65117975,-84.66005027755614,Hoyo 19 Marriott Los Sueños,9.65356720254581,-84.65886234586331,Juice Bar
694,Playa Herradura,9.65117975,-84.66005027755614,18th Greene Steak House,9.653709,-84.659153,Steakhouse
695,Playa Herradura,9.65117975,-84.66005027755614,El Galeon,9.652054672830712,-84.66406888850543,Seafood Restaurant
696,Playa Herradura,9.65117975,-84.66005027755614,La Marina Village,9.651652557059526,-84.66452168600397,Shopping Mall
697,Playa Isla Damas,8.51584085,-83.13636745062689,Sol Y Mar,8.519452,-83.1380895527337,Restaurant
698,Playa Isla Damas,8.51584085,-83.13636745062689,Cabinas Sol y Mar,8.519858522313317,-83.13804570671184,Bed & Breakfast
699,Playa Jacó,9.600515049999998,-84.6210615506194,Jaco Beach House.🌴🌊,9.600286393962419,-84.61992844360611,Surf Spot
700,Playa Jacó,9.600515049999998,-84.6210615506194,Tiki,9.59904893088637,-84.61969284739344,Restaurant
701,Playa Jacó,9.600515049999998,-84.6210615506194,La Paloma Blanca,9.602560044927122,-84.62100223484394,Hotel
702,Playa Jacó,9.600515049999998,-84.6210615506194,Club Del Mar Resort,9.597119671249905,-84.61932485253135,Resort
703,Playa Jacó,9.600515049999998,-84.6210615506194,Jaco Laguna Beach Resort,9.599117025401057,-84.61960807718906,Resort
704,Playa Jacó,9.600515049999998,-84.6210615506194,Club del Sol,9.598614806250255,-84.61781023699844,Hotel
705,Playa Jacó,9.600515049999998,-84.6210615506194,Hotel Catalina,9.601178959141935,-84.62052433188836,Hotel
706,Playa Jacó,9.600515049999998,-84.6210615506194,South Beach,9.603671578523944,-84.62186363526189,Resort
707,Playa Jacó,9.600515049999998,-84.6210615506194,Hotel 9,9.601274809731178,-84.62061408305345,Hotel
708,Playa Jacó,9.600515049999998,-84.6210615506194,Mar Arena,9.6023,-84.620834,Hotel
709,Playa Jacó,9.600515049999998,-84.6210615506194,Calle Hidalgo,9.60329399284179,-84.62134240052431,Waterfront
710,Playa Jacó,9.600515049999998,-84.6210615506194,Cabinas Stefano,9.603616133269147,-84.62044791926411,Hotel
711,Playa Jacó,9.600515049999998,-84.6210615506194,Marisqueria Alta Mar,9.598981944544029,-84.6180608643485,Seafood Restaurant
712,Playa Jacó,9.600515049999998,-84.6210615506194,Arenal Pacifico,9.603808379685088,-84.62175130163102,Hotel
713,Playa Jacó,9.600515049999998,-84.6210615506194,Bar Geckos,9.598830290255373,-84.61795708742318,Bar
714,Playa Jacó,9.600515049999998,-84.6210615506194,South Beach Pacifico,9.604250452139208,-84.62073626071044,Hotel Pool
715,Playa Mata de Limón,9.932353,-84.7214484577186,Restaurante Mar Azul,9.930804095334988,-84.71874291443727,Seafood Restaurant
716,Playa Mata de Limón,9.932353,-84.7214484577186,Restaurante Don Lalo,9.931511683682272,-84.71939222830686,Restaurant
717,Playa Mata de Limón,9.932353,-84.7214484577186,Soda Kathia,9.93118021974585,-84.71915761299645,Breakfast Spot
718,Playa Mata de Limón,9.932353,-84.7214484577186,Cabinas Caldera,9.931643478652694,-84.71955882406021,Hotel
719,Playa Mata de Limón,9.932353,-84.7214484577186,Caldera,9.931544399542206,-84.71950269569514,Port
720,Playa Mata de Limón,9.932353,-84.7214484577186,Restaurant Caldera,9.93156660011171,-84.71936342543046,Seafood Restaurant
721,Playa Mata de Limón,9.932353,-84.7214484577186,bus de caldera 🚍,9.931243338220975,-84.71927818224798,Trail
722,Playa Mata de Limón,9.932353,-84.7214484577186,Playa Hermosa,9.930828581339316,-84.71849748052476,Surf Spot
723,Playa Mantas,9.7069288,-84.66102724814694,Playa Mantas,9.70487472503604,-84.66256729467949,Beach
724,Playa Mantas,9.7069288,-84.66102724814694,Piscina Punta Leona,9.70495042540514,-84.66180095930986,Pool
725,Playa Mantas,9.7069288,-84.66102724814694,Hotel Punta Leona,9.703617617222628,-84.66077916054608,Hotel
726,Playa Mantas,9.7069288,-84.66102724814694,Super Leona,9.705676619677975,-84.66119561982713,Food & Drink Shop
727,Playa Mantas,9.7069288,-84.66102724814694,El Leon Marino,9.705285383258682,-84.66148149031159,Food
728,Playa Mantas,9.7069288,-84.66102724814694,Bar Al Garete,9.705014270578687,-84.66198624075965,Hotel Bar
729,Playa Mantas,9.7069288,-84.66102724814694,Helados Bajo 0,9.704885534236755,-84.66197300869254,Ice Cream Shop
730,Playa Mantas,9.7069288,-84.66102724814694,Cabanas Punta Leona,9.704576603153585,-84.66137540670455,Hotel
731,Playa Mantas,9.7069288,-84.66102724814694,Canchas Tennis Leona,9.704543435111518,-84.66167165461903,Tennis Court
732,Playa Mantas,9.7069288,-84.66102724814694,Disco Punta Leona,9.704783766744248,-84.66276422608193,Nightclub
733,Playa Mantas,9.7069288,-84.66102724814694,Mini Golf Punta Leona,9.703748962833618,-84.66185042417494,Golf Course
734,Playa Mantas,9.7069288,-84.66102724814694,Hotel Y Club Punta Leona,9.703596413955056,-84.66081209363152,Bed & Breakfast
735,Playas Manuel Antonio,9.9762003,-84.8275820644447,Parque Marino,9.97721044099239,-84.8269587135302,Science Museum
736,Playas Manuel Antonio,9.9762003,-84.8275820644447,Soda Macarena,9.975670562342238,-84.83100824347451,Ice Cream Shop
737,Playas Manuel Antonio,9.9762003,-84.8275820644447,Plaza De La Artesanía,9.975663277279994,-84.83183792953048,Shopping Plaza
738,Playas Manuel Antonio,9.9762003,-84.8275820644447,Star Pub,9.977101716344395,-84.83156339907514,Pub
739,Playas Manuel Antonio,9.9762003,-84.8275820644447,Helados Diaz Puntarenas,9.976889274410615,-84.83165582413775,Ice Cream Shop
740,Playas Manuel Antonio,9.9762003,-84.8275820644447,Gugas,9.976393689929019,-84.83183894058362,Seafood Restaurant
741,Playas Manuel Antonio,9.9762003,-84.8275820644447,Mae's Grill,9.977754293896844,-84.82347549496367,BBQ Joint
742,Playas Manuel Antonio,9.9762003,-84.8275820644447,Video STAR,9.977083738267675,-84.83163249402487,Video Store
743,Playas Manuel Antonio,9.9762003,-84.8275820644447,Capitania Puntarenas,9.975644618975924,-84.83170448712823,Historic Site
744,Playas Manuel Antonio,9.9762003,-84.8275820644447,Parque Marino del Pacífico,9.977117489674391,-84.82698927136042,Aquarium
745,Playas Manuel Antonio,9.9762003,-84.8275820644447,Panaderia Quesada,9.97887931381579,-84.8308885882587,Bakery
746,Playas Manuel Antonio,9.9762003,-84.8275820644447,Best Brands Puntarenas,9.978767875676365,-84.83085563970994,Department Store
747,Playas Manuel Antonio,9.9762003,-84.8275820644447,Restaurante El Primero,9.977441848798007,-84.83178060678954,Chinese Restaurant
748,Playas Manuel Antonio,9.9762003,-84.8275820644447,Platinum Fitness Center,9.977568447341115,-84.83119965957023,Gym
749,Playas Manuel Antonio,9.9762003,-84.8275820644447,Restaurante La Felicidad,9.977653258498602,-84.83076994690647,Chinese Restaurant
750,Playas Manuel Antonio,9.9762003,-84.8275820644447,Kiosco Mar del Plata,9.975469769711236,-84.83191648022071,Burger Joint
751,Playas Manuel Antonio,9.9762003,-84.8275820644447,Kiosko Rancho Grande,9.97550655122558,-84.83204612144345,Diner
752,Playas Manuel Antonio,9.9762003,-84.8275820644447,Pacific Fitness,9.97810916289052,-84.8254094099756,Cycle Studio
753,Playas Manuel Antonio,9.9762003,-84.8275820644447,Casa De La Playa,9.977870985141621,-84.82370791471487,Surf Spot
754,Playas Manuel Antonio,9.9762003,-84.8275820644447,Hospital Monseñor Sanabria,9.977399023235519,-84.82337824068031,Pop-Up Shop
755,Playas Manuel Antonio,9.9762003,-84.8275820644447,Imprenta La Violeta,9.978571721401714,-84.82384564333357,Paper / Office Supplies Store
756,Playa Montezuma,9.65749655,-85.06428452816802,Ylang Ylang Beach Resort,9.659443915353004,-85.06180748579317,Resort
757,Playa Montezuma,9.65749655,-85.06428452816802,Cocolores Resto Bar,9.655186477666653,-85.06747674910983,Seafood Restaurant
758,Playa Montezuma,9.65749655,-85.06428452816802,Montezuma Beach,9.654918555353524,-85.06792711383302,Beach
759,Playa Montezuma,9.65749655,-85.06428452816802,Restaurante La Naranja,9.65526042694561,-85.06763805384601,Restaurant
760,Playa Montezuma,9.65749655,-85.06428452816802,Luz En El Cielo,9.65677989471311,-85.06837337893981,Hostel
761,Playa Montezuma,9.65749655,-85.06428452816802,The Bakery Cafe,9.655510396397752,-85.06723030673199,Bakery
762,Playa Montezuma,9.65749655,-85.06428452816802,Orgánico,9.655168968367605,-85.06761612814536,Restaurant
763,Playa Montezuma,9.65749655,-85.06428452816802,Playa Grande,9.657416474989079,-85.06694328950104,Beach
764,Playa Montezuma,9.65749655,-85.06428452816802,Luz De Mono,9.656016612709553,-85.06708682922566,Hotel
765,Playa Montezuma,9.65749655,-85.06428452816802,Bruno's Pizza,9.654992469150915,-85.06765365600586,Pizza Place
766,Playa Montezuma,9.65749655,-85.06428452816802,Chico's,9.654650359455077,-85.06760105867664,Bar
767,Playa Montezuma,9.65749655,-85.06428452816802,El Pargo Feliz,9.655101738171057,-85.0673692774256,Hotel
768,Playa Montezuma,9.65749655,-85.06428452816802,Hotel Luna Llena,9.656358857040223,-85.06837337893981,Hotel
769,Playa Montezuma,9.65749655,-85.06428452816802,Soda El Artesano,9.654998943666959,-85.0677648347266,Latin American Restaurant
770,Playa Montezuma,9.65749655,-85.06428452816802,Super Mamatea,9.654942,-85.067798,Grocery Store
771,Playa Montezuma,9.65749655,-85.06428452816802,Monte Sol,9.654894918714632,-85.06790682897055,Latin American Restaurant
772,Playa Montezuma,9.65749655,-85.06428452816802,Ice Dream Gelato,9.654811563957349,-85.06793218504748,Ice Cream Shop
773,Playa Órganos,9.814823599999999,-84.8983848,playa organos,9.81564570794725,-84.89632332174887,Beach
774,Playa Palma,8.644378999999999,-83.43307844500589,Bar y Restaurante Playa Blanca,8.641940678178173,-83.43477427738893,Beer Garden
775,Playa Palma,8.644378999999999,-83.43307844500589,Playa Blanca de La Palma,8.642183945545352,-83.43561866753355,Beer Garden
776,Playa Palo Seco,8.51584085,-83.13636745062689,Sol Y Mar,8.519452,-83.1380895527337,Restaurant
777,Playa Palo Seco,8.51584085,-83.13636745062689,Cabinas Sol y Mar,8.519858522313317,-83.13804570671184,Bed & Breakfast
778,Playa Pavones,8.3951665,-83.13752916620182,Playa Pavones,8.394631801434123,-83.13567359333133,Surf Spot
779,Playa Pavones,8.3951665,-83.13752916620182,Café de la Suerte,8.395132,-83.135849,Café
780,Playa Pavones,8.3951665,-83.13752916620182,Bar Restaurante Cabinas Doña Dora,8.394785502744035,-83.13590400105782,Restaurant
781,Playa Pavones,8.3951665,-83.13752916620182,soda la plaza,8.394331437010216,-83.13547984075039,Diner
782,Playa Piñuela,9.099237400000002,-83.68639854258035,Playa Piñuelas,9.099024432073355,-83.6859828269741,Beach
783,Playa Piñuela,9.099237400000002,-83.68639854258035,Marisqueria La Piñuela,9.100125,-83.684746,Seafood Restaurant
784,Playa Pógeres,8.51584085,-83.13636745062689,Sol Y Mar,8.519452,-83.1380895527337,Restaurant
785,Playa Pógeres,8.51584085,-83.13636745062689,Cabinas Sol y Mar,8.519858522313317,-83.13804570671184,Bed & Breakfast
786,Playa Quizales,8.51584085,-83.13636745062689,Sol Y Mar,8.519452,-83.1380895527337,Restaurant
787,Playa Quizales,8.51584085,-83.13636745062689,Cabinas Sol y Mar,8.519858522313317,-83.13804570671184,Bed & Breakfast
788,Playa San Josecito (Golfito),8.51584085,-83.13636745062689,Sol Y Mar,8.519452,-83.1380895527337,Restaurant
789,Playa San Josecito (Golfito),8.51584085,-83.13636745062689,Cabinas Sol y Mar,8.519858522313317,-83.13804570671184,Bed & Breakfast
790,Playa Tambor,9.7457061,-84.9885464,Playa Muertos,9.745020970519269,-84.98804403527691,Beach
791,Playa Tambor,9.7457061,-84.9885464,Restaurante Momos,9.748787442260578,-84.98878548610271,Seafood Restaurant
792,Playa Tárcoles,9.75938975,-84.62798911113678,Playa Muertos,9.745020970519269,-84.98804403527691,Beach
793,Playa Tárcoles,9.75938975,-84.62798911113678,Restaurante Momos,9.748787442260578,-84.98878548610271,Seafood Restaurant
794,Playa Tivives,9.921222300000002,-84.7148891,Playa Caldera,9.920459479136474,-84.71288427933082,Beach
795,Playa Tivives,9.921222300000002,-84.7148891,Caldera,9.9248238344003,-84.71338948993991,Neighborhood
796,Playa Tivives,9.921222300000002,-84.7148891,Restaurante Tabaris,9.92296856356325,-84.71334695251198,Latin American Restaurant
797,Playa Tivives,9.921222300000002,-84.7148891,"Vigorones ""La macha""",9.921550940230517,-84.71314964303392,BBQ Joint
798,Playa Tivives,9.921222300000002,-84.7148891,Puerto Caldera,9.921085632892447,-84.71357320178524,Harbor / Marina
799,Playa Tivives,9.921222300000002,-84.7148891,Rest Bar RocaMar Pto Caldera,9.920797353234592,-84.71328232442502,Beach Bar
800,Playa Tivives,9.921222300000002,-84.7148891,Pollos del Sol,9.922989088469677,-84.71368036675655,Fried Chicken Joint
801,Playa Tivives,9.921222300000002,-84.7148891,Puente Tabaris,9.92296726193074,-84.71325680879673,Bay
802,Playa Tivives,9.921222300000002,-84.7148891,Tábaris Caldera,9.92309,-84.713377,Restaurant
803,Playa Tivives,9.921222300000002,-84.7148891,Playa Caldera,9.923944760080369,-84.71429783721395,Beach
804,Playa Tivives,9.921222300000002,-84.7148891,Linda Mar,9.91927735,-84.7111674,Seafood Restaurant
805,Playa Tivives,9.921222300000002,-84.7148891,Roka Mar Bar & Rest.,9.918645135271879,-84.71207257071711,Seafood Restaurant
806,Playa Uvita,9.15530975,-83.75738881586818,Uvita Waterfall,9.153827855466846,-83.75630463759691,Bathing Area
807,Playa Zancudo,8.51584085,-83.13636745062689,Sol Y Mar,8.519452,-83.1380895527337,Restaurant
808,Playa Zancudo,8.51584085,-83.13636745062689,Cabinas Sol y Mar,8.519858522313317,-83.13804570671184,Bed & Breakfast
